date,price-Tallinn-Tallinn,Advertisements-Tallinn-Tallinn,Actives-Tallinn-Tallinn,price-Tallinn-Haabersti,Advertisements-Tallinn-Haabersti,Actives-Tallinn-Haabersti,price-Tallinn-Kesklinn,Advertisements-Tallinn-Kesklinn,Actives-Tallinn-Kesklinn,price-Tallinn-Kristiine,Advertisements-Tallinn-Kristiine,Actives-Tallinn-Kristiine,price-Tallinn-Lasnamäe,Advertisements-Tallinn-Lasnamäe,Actives-Tallinn-Lasnamäe,price-Tallinn-Mustamäe,Advertisements-Tallinn-Mustamäe,Actives-Tallinn-Mustamäe,price-Tallinn-Nõmme,Advertisements-Tallinn-Nõmme,Actives-Tallinn-Nõmme,price-Tallinn-Pirita,Advertisements-Tallinn-Pirita,Actives-Tallinn-Pirita,price-Tallinn-Põhja-Tallinn,Advertisements-Tallinn-Põhja-Tallinn,Actives-Tallinn-Põhja-Tallinn,price-Tallinn-Vanalinn,Advertisements-Tallinn-Vanalinn,Actives-Tallinn-Vanalinn,price-Tallinn-Kadriorg,Advertisements-Tallinn-Kadriorg,Actives-Tallinn-Kadriorg,price-Tartu-Tartu,Advertisements-Tartu-Tartu,Actives-Tartu-Tartu,price-Tartu-Haage,Advertisements-Tartu-Haage,Actives-Tartu-Haage,price-Tartu-Ilmatsalu küla,Advertisements-Tartu-Ilmatsalu küla,Actives-Tartu-Ilmatsalu küla,price-Tartu-Ilmatsalu alevik,Advertisements-Tartu-Ilmatsalu alevik,Actives-Tartu-Ilmatsalu alevik,price-Tartu-Kandiküla,Advertisements-Tartu-Kandiküla,Actives-Tartu-Kandiküla,price-Tartu-Kardla,Advertisements-Tartu-Kardla,Actives-Tartu-Kardla,price-Tartu-Märja,Advertisements-Tartu-Märja,Actives-Tartu-Märja,price-Tartu-Pihva,Advertisements-Tartu-Pihva,Actives-Tartu-Pihva,price-Tartu-Rahinge,Advertisements-Tartu-Rahinge,Actives-Tartu-Rahinge,price-Tartu-Rõhu,Advertisements-Tartu-Rõhu,Actives-Tartu-Rõhu,price-Tartu-Tartu linn,Advertisements-Tartu-Tartu linn,Actives-Tartu-Tartu linn,price-Tartu-Tähtvere,Advertisements-Tartu-Tähtvere,Actives-Tartu-Tähtvere,price-Tartu-Tüki,Advertisements-Tartu-Tüki,Actives-Tartu-Tüki,price-Tartu-Vorbuse,Advertisements-Tartu-Vorbuse,Actives-Tartu-Vorbuse,price-Tartu-Maarjamõisa,Advertisements-Tartu-Maarjamõisa,Actives-Tartu-Maarjamõisa,price-Tartu-Raadi-Kruusamäe,Advertisements-Tartu-Raadi-Kruusamäe,Actives-Tartu-Raadi-Kruusamäe,price-Tartu-Karlova,Advertisements-Tartu-Karlova,Actives-Tartu-Karlova,price-Tartu-Kesklinn,Advertisements-Tartu-Kesklinn,Actives-Tartu-Kesklinn,price-Tartu-Ihaste,Advertisements-Tartu-Ihaste,Actives-Tartu-Ihaste,price-Tartu-Jaamamõisa,Advertisements-Tartu-Jaamamõisa,Actives-Tartu-Jaamamõisa,price-Tartu-Annelinn,Advertisements-Tartu-Annelinn,Actives-Tartu-Annelinn,price-Tartu-Veeriku,Advertisements-Tartu-Veeriku,Actives-Tartu-Veeriku,price-Tartu-Ülejõe,Advertisements-Tartu-Ülejõe,Actives-Tartu-Ülejõe,price-Tartu-Vaksali,Advertisements-Tartu-Vaksali,Actives-Tartu-Vaksali,price-Tartu-Variku,Advertisements-Tartu-Variku,Actives-Tartu-Variku,price-Tartu-Tammelinn,Advertisements-Tartu-Tammelinn,Actives-Tartu-Tammelinn,price-Tartu-Ränilinn,Advertisements-Tartu-Ränilinn,Actives-Tartu-Ränilinn,price-Tartu-Supilinn,Advertisements-Tartu-Supilinn,Actives-Tartu-Supilinn,price-Tartu-Ropka,Advertisements-Tartu-Ropka,Actives-Tartu-Ropka,price-Tartu-Ropka tööstusrajoon,Advertisements-Tartu-Ropka tööstusrajoon,Actives-Tartu-Ropka tööstusrajoon
05.2007,1993.2,7252,5603,1815.0,644,511,2513.0,1716,1408,1897.0,454,371,1719.0,1794,1314,1651.0,785,592,1870.0,265,232,2256.0,227,186,1798.0,971,811,4232.0,67,56,-,-,-,1353.0,2571,2008,969.0,7,6,-,-,-,-,-,-,-,-,-,-,-,-,1077.0,10,9,-,-,-,-,-,-,-,-,-,-,-,-,1343.0,60,50,-,-,-,-,-,-,-,-,-,1261.0,104,81,1403.0,369,313,1718.0,379,297,1429.0,14,13,1168.0,85,67,1161.0,638,484,1306.0,113,85,1444.0,221,182,1412.0,59,54,1260.0,10,8,1443.0,22,17,1102.0,13,9,1270.0,48,42,1224.0,166,135,-,-,-
06.2007,1948.8,7405,6011,1786.0,649,540,2489.0,1723,1478,1926.0,481,384,1600.0,1862,1501,1640.0,785,625,1882.0,301,251,2268.0,220,195,1795.0,996,854,4205.0,60,60,-,-,-,1355.2,2588,2136,1014.0,7,6,-,-,-,-,-,-,-,-,-,-,-,-,1047.0,10,8,-,-,-,1095.0,6,5,-,-,-,-,-,-,1360.0,61,47,-,-,-,-,-,-,-,-,-,1374.0,122,98,1408.0,357,331,1701.0,351,301,1368.0,37,24,1153.0,80,70,1164.0,596,518,1313.0,114,95,1445.0,224,193,1393.0,63,58,1275.0,9,8,1352.0,17,16,1147.0,15,10,1371.0,49,45,1222.0,190,137,-,-,-
07.2007,1935.0,7644,6379,1824.0,653,525,2485.0,1771,1521,1910.0,513,419,1564.0,1980,1689,1632.0,790,661,1854.0,306,276,2271.0,218,200,1767.0,1055,897,4106.0,72,65,-,-,-,1354.0,2730,2221,1020.0,6,5,-,-,-,-,-,-,-,-,-,-,-,-,1031.0,12,10,-,-,-,1095.0,-,-,-,-,-,-,-,-,1320.0,59,46,-,-,-,-,-,-,-,-,-,1361.0,141,116,1394.0,355,326,1729.0,367,311,1334.0,35,33,1164.0,87,73,1162.0,651,549,1308.0,128,89,1447.0,243,210,1328.0,62,59,1287.0,8,7,1277.0,23,13,1137.0,19,15,1419.0,46,43,1206.0,196,151,-,-,-
08.2007,1922.1,7945,6397,1787.0,654,538,2489.0,1811,1521,1924.0,509,413,1549.0,2023,1618,1628.0,921,700,1838.0,332,272,2268.0,211,199,1762.0,1122,944,4084.0,76,68,-,-,-,1366.7,2860,2296,991.0,7,5,-,-,-,-,-,-,-,-,-,-,-,-,1072.0,12,13,-,-,-,1856.0,6,5,-,-,-,-,-,-,1377.0,52,45,-,-,-,-,-,-,-,-,-,1362.0,152,126,1386.0,386,323,1776.0,373,314,1320.0,31,33,1189.0,111,90,1191.0,653,562,1302.0,113,87,1463.0,276,228,1341.0,73,61,1260.0,9,7,1382.0,14,12,1142.0,22,18,1415.0,47,45,1195.0,181,147,-,-,-
09.2007,1912.4,8476,6900,1824.0,758,607,2487.0,1885,1550,1914.0,559,468,1538.0,2076,1773,1620.0,1046,794,1890.0,323,276,2264.0,217,205,1733.0,1252,1036,4056.0,76,65,-,-,-,1371.2,2780,2197,991.0,-,-,-,-,-,-,-,-,-,-,-,-,-,-,1100.0,11,10,-,-,-,1035.0,7,6,-,-,-,-,-,-,1381.0,54,45,-,-,-,-,-,-,-,-,-,1351.0,148,122,1423.0,359,316,1801.0,377,310,1308.0,31,23,1187.0,103,93,1194.0,665,526,1302.0,106,76,1422.0,267,220,1368.0,68,55,1198.0,10,7,1351.0,10,11,1147.0,17,14,1343.0,50,44,1177.0,168,140,-,-,-
10.2007,1888.7,8751,7188,1787.0,829,682,2457.0,1931,1631,1896.0,580,473,1520.0,2088,1803,1608.0,1140,878,1861.0,334,285,2274.0,223,207,1700.0,1256,1022,3991.0,81,73,-,-,-,1367.8,2702,2124,991.0,-,-,-,-,-,-,-,-,-,-,-,-,-,-,1035.0,9,8,-,-,-,1009.0,7,6,-,-,-,-,-,-,1553.0,56,47,-,-,-,-,-,-,-,-,-,1364.0,150,127,1411.0,369,317,1825.0,371,312,1327.0,22,20,1187.0,105,87,1147.0,625,502,1309.0,99,69,1446.0,269,214,1346.0,51,51,1139.0,16,8,1404.0,11,10,1178.0,16,12,1503.0,46,39,1146.0,174,127,-,-,-
11.2007,1869.3,8478,7169,1762.0,780,667,2432.0,1927,1649,1851.0,562,489,1496.0,2018,1791,1587.0,1094,883,1821.0,316,273,2257.0,240,213,1664.0,1169,981,3965.0,87,82,-,-,-,1365.1,2618,1990,991.0,-,-,-,-,-,-,-,-,-,-,-,-,-,-,989.0,10,9,-,-,-,988.0,10,6,-,-,-,-,-,-,1514.0,61,46,-,-,-,-,-,-,-,-,-,1357.0,162,132,1381.0,381,293,1802.0,360,287,1306.0,25,22,1181.0,112,89,1145.0,592,457,1304.0,95,71,1497.0,246,204,1362.0,47,50,1175.0,7,5,1319.0,10,7,1187.0,11,8,1363.0,41,37,1164.0,155,111,-,-,-
12.2007,1852.0,7776,6813,1724.0,718,642,2411.0,1645,1562,1837.0,540,489,1481.0,1880,1717,1600.0,996,840,1796.0,289,262,2270.0,177,168,1647.0,1059,945,3879.0,78,70,-,-,-,1367.0,2261,1840,991.0,-,-,-,-,-,-,-,-,-,-,-,-,-,-,989.0,10,9,-,-,-,984.0,7,7,-,-,-,-,-,-,1489.0,53,46,-,-,-,-,-,-,-,-,-,1377.0,151,111,1368.0,303,284,1820.0,315,255,1309.0,24,22,1180.0,98,87,1144.0,503,424,1306.0,91,73,1467.0,232,198,1361.0,44,43,1175.0,-,-,1152.0,10,6,1224.0,9,6,1377.0,42,41,1155.0,114,96,-,-,-
01.2008,1816.7,8331,6735,1695.0,757,625,2360.0,1737,1584,1824.0,568,465,1452.0,2013,1686,1584.0,1081,838,1765.0,314,251,2169.0,216,175,1604.0,1143,928,3867.0,84,76,-,-,-,1341.5,2537,1896,993.0,6,4,1016.0,6,4,-,-,-,-,-,-,-,-,-,993.0,10,9,-,-,-,982.0,9,7,-,-,-,-,-,-,1477.0,61,50,-,-,-,-,-,-,-,-,-,1313.0,168,125,1374.0,360,279,1730.0,350,284,1328.0,26,23,1170.0,109,88,1137.0,535,416,1259.0,102,69,1406.0,241,197,1392.0,48,43,1270.0,6,5,1164.0,12,7,1214.0,10,7,1359.0,62,40,1174.0,138,98,-,-,-
02.2008,1791.3,8768,7203,1638.0,774,624,2334.0,1805,1735,1807.0,611,503,1449.0,2204,1894,1537.0,1092,835,1752.0,315,260,2199.0,234,205,1574.0,1182,953,3902.0,82,77,-,-,-,1320.1,2451,1971,887.0,10,6,1012.0,6,6,-,-,-,-,-,-,-,-,-,983.0,11,11,-,-,-,953.0,8,8,-,-,-,-,-,-,1340.0,57,47,-,-,-,-,-,-,-,-,-,1352.0,156,130,1359.0,354,295,1707.0,334,287,1275.0,23,24,1195.0,120,104,1118.0,505,407,1248.0,101,72,1319.0,248,204,1350.0,47,46,1199.0,7,5,1322.0,13,12,1178.0,10,9,1338.0,52,47,1170.0,126,104,-,-,-
03.2008,1775.6,9296,7448,1636.0,760,611,2309.0,2012,1806,1789.0,649,536,1434.0,2426,2022,1503.0,1125,835,1740.0,322,261,2206.0,237,206,1540.0,1224,959,3936.0,97,83,-,-,-,1313.9,2446,1905,844.0,9,6,1012.0,-,-,-,-,-,-,-,-,-,-,-,971.0,14,13,-,-,-,952.0,8,7,-,-,-,-,-,-,1478.0,60,48,-,-,-,-,-,-,-,-,-,1264.0,133,113,1368.0,359,291,1638.0,330,282,1305.0,22,19,1182.0,113,100,1121.0,491,380,1230.0,108,75,1313.0,244,199,1413.0,56,47,1302.0,8,6,1223.0,18,11,1194.0,13,12,1366.0,61,49,1170.0,138,104,-,-,-
04.2008,1754.3,10105,7977,1613.0,810,634,2277.0,2313,1900,1773.0,705,571,1430.0,2670,2175,1538.0,1278,940,1709.0,347,278,2166.0,264,213,1510.0,1325,1046,3828.0,100,95,-,-,-,1305.6,2404,1951,906.0,11,5,1014.0,7,6,-,-,-,-,-,-,-,-,-,953.0,20,14,-,-,-,835.0,11,9,-,-,-,-,-,-,1473.0,54,43,-,-,-,-,-,-,-,-,-,1255.0,149,120,1388.0,350,300,1662.0,320,279,1293.0,17,17,1187.0,120,104,1106.0,488,385,1233.0,111,83,1303.0,221,187,1436.0,56,46,1288.0,11,9,1308.0,17,14,1196.0,19,16,1365.0,53,52,1158.0,136,113,-,-,-
05.2008,1740.9,10481,8365,1591.0,826,664,2236.0,2346,1981,1736.0,716,566,1426.0,2729,2204,1533.0,1490,1131,1682.0,379,282,2172.0,256,225,1495.0,1294,1084,3939.0,125,102,-,-,-,1329.4,2630,1956,874.0,11,4,982.0,11,7,-,-,-,-,-,-,-,-,-,979.0,21,17,-,-,-,825.0,11,8,-,-,-,-,-,-,1511.0,56,43,-,-,-,-,-,-,-,-,-,1294.0,139,114,1346.0,367,294,1748.0,446,294,1315.0,19,18,1176.0,125,104,1093.0,506,397,1225.0,121,87,1311.0,237,191,1497.0,56,45,1220.0,10,10,1425.0,22,18,1191.0,21,18,1307.0,54,47,1142.0,145,108,-,-,-
06.2008,1713.4,9852,8508,1553.0,823,694,2212.0,2264,2007,1707.0,675,561,1398.0,2477,2215,1512.0,1444,1208,1672.0,345,296,2156.0,250,217,1463.0,1227,1078,3884.0,108,113,-,-,-,1286.4,2352,1933,857.0,12,3,949.0,9,8,-,-,-,-,-,-,-,-,-,988.0,16,15,-,-,-,828.0,8,3,-,-,-,-,-,-,1588.0,47,42,-,-,-,-,-,-,-,-,-,1309.0,143,113,1324.0,335,289,1589.0,338,300,1303.0,19,18,1151.0,118,105,1074.0,465,400,1245.0,96,74,1319.0,227,188,1417.0,50,45,1233.0,11,11,1357.0,24,22,1154.0,29,23,1421.0,54,43,1117.0,136,104,-,-,-
07.2008,1707.4,9938,8410,1561.0,861,723,2188.0,2296,1974,1693.0,658,544,1387.0,2442,2125,1514.0,1443,1196,1640.0,346,302,2163.0,261,224,1444.0,1258,1087,3794.0,128,117,-,-,-,1295.7,2380,1877,851.0,10,4,959.0,12,11,-,-,-,-,-,-,-,-,-,984.0,19,15,-,-,-,828.0,-,-,-,-,-,-,-,-,1596.0,53,43,-,-,-,-,-,-,-,-,-,1323.0,149,108,1318.0,341,288,1617.0,359,299,1266.0,24,19,1118.0,114,95,1074.0,492,384,1229.0,96,64,1323.0,207,172,1427.0,48,46,1168.0,11,9,1344.0,28,22,1172.0,30,26,1495.0,51,45,1118.0,114,97,-,-,-
08.2008,1690.3,9956,8410,1505.0,898,740,2164.0,2314,1982,1666.0,678,550,1376.0,2431,2111,1505.0,1384,1177,1637.0,355,301,2094.0,298,239,1426.0,1235,1073,3857.0,128,126,-,-,-,1295.5,2405,1903,847.0,11,6,938.0,15,13,-,-,-,-,-,-,-,-,-,1006.0,16,14,-,-,-,828.0,-,-,-,-,-,-,-,-,1605.0,50,47,-,-,-,-,-,-,-,-,-,1359.0,152,119,1336.0,338,281,1600.0,377,303,1267.0,26,21,1116.0,118,90,1067.0,476,388,1223.0,91,69,1294.0,214,179,1429.0,53,46,1800.0,10,9,1339.0,29,20,1161.0,35,29,1415.0,51,46,1123.0,118,96,-,-,-
09.2008,1677.1,10184,8409,1511.0,907,742,2135.0,2390,1985,1654.0,655,534,1347.0,2379,2048,1473.0,1450,1181,1627.0,369,290,2066.0,370,320,1427.0,1281,1065,3702.0,145,127,-,-,-,1276.5,2303,1839,831.0,10,5,940.0,14,12,-,-,-,-,-,-,-,-,-,992.0,16,15,-,-,-,828.0,-,-,-,-,-,-,-,-,1583.0,55,46,-,-,-,-,-,-,-,-,-,1347.0,126,93,1335.0,319,265,1575.0,325,272,1261.0,26,20,1124.0,133,93,1062.0,471,406,1215.0,93,72,1269.0,213,179,1424.0,41,43,1216.0,11,9,1320.0,25,21,1146.0,36,25,1477.0,46,44,1103.0,115,94,-,-,-
10.2008,1659.2,10388,8473,1509.0,927,726,2108.0,2460,2011,1613.0,683,554,1315.0,2388,2056,1438.0,1423,1207,1614.0,380,302,2044.0,380,293,1403.0,1312,1079,3619.0,169,131,-,-,-,1253.2,2371,1854,799.0,7,5,936.0,15,12,-,-,-,-,-,-,-,-,-,930.0,13,13,-,-,-,828.0,-,-,-,-,-,-,-,-,1563.0,62,44,-,-,-,-,-,-,882.0,6,5,1229.0,123,96,1318.0,310,260,1582.0,319,271,1157.0,37,23,1108.0,130,106,1044.0,525,413,1211.0,102,71,1264.0,204,170,1363.0,41,41,1205.0,10,8,1319.0,24,22,1094.0,38,25,1513.0,56,44,1089.0,120,98,-,-,-
11.2008,1612.5,9741,8226,1481.0,813,693,2028.0,2315,1959,1569.0,673,566,1291.0,2310,1968,1428.0,1374,1186,1576.0,374,313,2050.0,316,285,1378.0,1188,1032,3604.0,140,122,-,-,-,1231.6,2187,1776,799.0,-,-,946.0,13,13,-,-,-,-,-,-,-,-,-,929.0,12,13,-,-,-,828.0,-,-,-,-,-,-,-,-,1465.0,50,35,-,-,-,-,-,-,882.0,-,-,1219.0,111,94,1281.0,303,261,1564.0,327,266,1107.0,34,21,1116.0,128,108,1028.0,486,400,1238.0,92,69,1224.0,190,155,1345.0,45,42,1156.0,10,7,1272.0,26,22,1073.0,32,27,1430.0,38,40,1077.0,105,89,-,-,-
12.2008,1584.2,8983,8049,1442.0,753,685,2005.0,2204,2008,1546.0,602,544,1246.0,2052,1866,1386.0,1262,1133,1533.0,347,300,1991.0,296,281,1335.0,1097,991,3526.0,142,124,-,-,-,1207.5,2125,1802,802.0,7,4,937.0,13,14,-,-,-,-,-,-,-,-,-,889.0,11,10,-,-,-,828.0,-,-,-,-,-,-,-,-,1415.0,38,34,-,-,-,-,-,-,838.0,6,5,1208.0,113,89,1242.0,301,274,1523.0,324,282,1140.0,23,19,1110.0,108,96,1010.0,471,404,1216.0,89,70,1202.0,169,152,1298.0,51,48,1101.0,7,6,1303.0,26,22,1063.0,37,28,1374.0,39,42,1070.0,103,88,-,-,-
01.2009,1534.8,9242,7776,1358.0,784,667,1957.0,2268,1939,1502.0,621,510,1204.0,2082,1804,1327.0,1293,1094,1481.0,358,291,1913.0,307,273,1294.0,1149,957,3484.0,146,132,-,-,-,1181.2,2180,1754,802.0,-,-,902.0,14,11,-,-,-,-,-,-,-,-,-,925.0,11,9,-,-,-,828.0,-,-,-,-,-,-,-,-,1412.0,42,36,-,-,-,-,-,-,1047.0,9,6,1135.0,107,88,1193.0,305,263,1472.0,341,285,1156.0,27,19,1095.0,105,88,1000.0,492,401,1221.0,88,67,1168.0,189,150,1292.0,52,48,1052.0,9,7,1316.0,26,21,1033.0,37,26,1359.0,46,39,1067.0,103,81,-,-,-
02.2009,1485.5,9129,7840,1302.0,767,664,1888.0,2301,1957,1445.0,582,517,1147.0,2079,1827,1288.0,1230,1095,1431.0,364,301,1885.0,301,279,1243.0,1102,957,3473.0,151,132,-,-,-,1149.3,2179,1766,802.0,-,-,868.0,10,10,-,-,-,-,-,-,-,-,-,882.0,11,11,-,-,-,828.0,-,-,-,-,-,-,-,-,1399.0,38,34,-,-,-,1182.0,6,6,1065.0,14,9,1083.0,117,87,1155.0,301,252,1446.0,342,285,1215.0,31,20,1049.0,88,73,977.0,513,429,1199.0,103,70,1124.0,180,155,1222.0,58,50,1047.0,9,7,1289.0,22,21,1001.0,31,25,1173.0,39,33,1089.0,93,78,-,-,-
03.2009,1427.2,9168,7657,1263.0,804,657,1826.0,2279,1919,1393.0,607,517,1099.0,2062,1731,1240.0,1264,1090,1393.0,364,308,1811.0,309,272,1177.0,1115,943,3457.0,141,124,-,-,-,1119.1,2172,1720,730.0,7,5,828.0,12,9,-,-,-,-,-,-,-,-,-,892.0,11,10,-,-,-,828.0,-,-,-,-,-,-,-,-,1328.0,42,34,-,-,-,1135.0,6,6,1023.0,12,11,1073.0,114,79,1120.0,304,249,1398.0,346,288,1215.0,32,22,1057.0,84,67,937.0,520,420,1150.0,105,78,1092.0,174,146,1255.0,46,44,1135.0,11,8,1447.0,27,21,950.0,34,20,1195.0,38,32,1053.0,88,66,-,-,-
04.2009,1371.7,8935,7440,1222.0,769,655,1769.0,2196,1876,1348.0,603,535,1022.0,1899,1572,1183.0,1330,1069,1348.0,375,305,1813.0,278,244,1127.0,1112,965,3304.0,151,131,-,-,-,1083.0,2226,1780,688.0,6,5,865.0,12,9,-,-,-,-,-,-,-,-,-,827.0,12,10,-,-,-,828.0,-,-,-,-,-,-,-,-,1298.0,50,40,-,-,-,1142.0,7,6,965.0,15,12,1044.0,111,88,1101.0,310,247,1369.0,342,291,1175.0,27,20,1060.0,76,61,917.0,536,451,1130.0,100,78,1047.0,190,154,1141.0,61,51,1086.0,15,11,1214.0,26,22,945.0,30,19,1052.0,36,29,956.0,97,73,-,-,-
05.2009,1327.8,8550,7104,1198.0,731,631,1726.0,2115,1829,1275.0,590,506,978.0,1692,1385,1154.0,1295,1055,1308.0,348,291,1770.0,250,229,1075.0,1167,958,3107.0,148,137,-,-,-,1050.7,2239,1813,614.0,8,5,866.0,9,9,-,-,-,-,-,-,-,-,-,829.0,10,9,-,-,-,828.0,-,-,-,-,-,-,-,-,1275.0,51,42,-,-,-,1128.0,7,6,923.0,15,11,1001.0,122,99,1062.0,304,259,1355.0,349,294,1189.0,25,18,975.0,76,67,873.0,534,444,1114.0,97,75,1057.0,180,151,1073.0,67,61,1019.0,18,14,1119.0,28,20,878.0,28,17,1093.0,36,29,957.0,114,84,-,-,-
06.2009,1299.9,8171,6908,1168.0,685,575,1696.0,2084,1793,1206.0,566,476,951.0,1578,1340,1141.0,1185,1033,1255.0,341,290,1745.0,249,220,1028.0,1152,975,3064.0,142,137,-,-,-,1029.9,2132,1778,607.0,8,7,798.0,9,8,-,-,-,-,-,-,-,-,-,884.0,8,7,-,-,-,828.0,-,-,-,-,-,-,-,-,1218.0,59,47,-,-,-,993.0,6,6,860.0,11,11,999.0,115,94,1043.0,296,252,1341.0,330,290,1100.0,30,23,977.0,72,64,854.0,518,436,1096.0,92,73,1024.0,165,141,1008.0,60,57,946.0,20,15,1104.0,25,24,917.0,23,21,1085.0,34,29,901.0,106,86,-,-,-
07.2009,1265.0,7868,6640,1158.0,665,534,1654.0,1999,1778,1178.0,535,451,910.0,1482,1261,1127.0,1165,983,1181.0,328,274,1719.0,242,207,989.0,1133,958,2937.0,140,128,-,-,-,1022.1,2099,1734,587.0,7,7,814.0,7,8,-,-,-,-,-,-,-,-,-,839.0,8,6,-,-,-,828.0,-,-,-,-,-,-,-,-,1227.0,56,50,-,-,-,851.0,6,6,847.0,11,9,987.0,109,90,1028.0,297,250,1321.0,329,280,1069.0,33,26,923.0,76,62,860.0,498,418,1106.0,93,75,1020.0,148,127,981.0,59,52,933.0,17,14,1165.0,32,27,901.0,26,22,1071.0,37,31,887.0,112,90,-,-,-
08.2009,1246.2,7581,6345,1137.0,574,485,1636.0,1928,1701,1192.0,516,416,890.0,1452,1230,1098.0,1216,945,1157.0,311,259,1753.0,215,194,986.0,1069,926,2867.0,128,128,-,-,-,1020.5,2039,1698,514.0,8,7,812.0,7,8,-,-,-,-,-,-,-,-,-,863.0,7,6,-,-,-,828.0,-,-,-,-,-,-,-,-,1218.0,54,48,-,-,-,851.0,6,6,964.0,11,9,985.0,103,88,1028.0,300,249,1320.0,314,273,1048.0,30,27,919.0,72,64,851.0,471,396,1100.0,90,74,991.0,145,136,1070.0,59,45,964.0,14,13,1122.0,35,31,924.0,30,23,1047.0,44,34,887.0,112,89,-,-,-
09.2009,1228.8,7742,6096,1086.0,608,457,1620.0,1973,1611,1195.0,526,413,885.0,1469,1196,1043.0,1177,894,1115.0,341,259,1709.0,226,183,972.0,1091,890,2818.0,151,132,-,-,-,1009.5,2131,1652,557.0,9,7,785.0,8,7,-,-,-,-,-,-,-,-,-,906.0,8,6,-,-,-,828.0,-,-,-,-,-,-,-,-,1148.0,45,38,-,-,-,851.0,6,6,920.0,14,11,963.0,99,84,1039.0,319,242,1312.0,318,257,1032.0,34,24,878.0,78,62,846.0,506,391,1060.0,99,76,961.0,155,137,1119.0,41,42,912.0,13,12,1106.0,39,34,831.0,39,26,1030.0,44,38,920.0,113,78,-,-,-
10.2009,1218.6,7383,5857,1074.0,594,481,1626.0,1913,1591,1185.0,514,410,876.0,1434,1145,955.0,935,690,1098.0,371,284,1719.0,219,187,965.0,1075,875,2820.0,144,129,-,-,-,993.2,2048,1626,633.0,7,6,734.0,7,8,-,-,-,-,-,-,-,-,-,929.0,7,6,-,-,-,828.0,-,-,-,-,-,-,-,-,1197.0,38,31,-,-,-,851.0,6,6,829.0,13,11,937.0,92,73,1015.0,271,222,1308.0,300,254,1037.0,38,25,861.0,68,60,845.0,507,407,1083.0,93,78,930.0,156,135,1073.0,46,43,855.0,16,11,1072.0,39,33,814.0,33,25,963.0,58,40,926.0,102,78,-,-,-
11.2009,1212.4,7388,5687,1057.0,613,459,1617.0,1886,1567,1189.0,493,380,864.0,1481,1139,971.0,922,629,1099.0,385,294,1693.0,240,192,970.0,1051,838,2900.0,137,124,-,-,-,973.2,2094,1611,654.0,11,8,674.0,8,6,-,-,-,-,-,-,-,-,-,929.0,-,-,-,-,-,828.0,-,-,-,-,-,-,-,-,1218.0,33,26,-,-,-,851.0,6,6,752.0,13,12,947.0,88,73,999.0,301,226,1303.0,290,245,1015.0,34,27,856.0,74,60,831.0,536,407,1065.0,88,68,925.0,164,128,1030.0,46,42,814.0,24,16,1045.0,39,34,794.0,35,26,901.0,63,49,888.0,98,73,-,-,-
12.2009,1224.7,6806,5602,1061.0,568,447,1619.0,1728,1503,1194.0,468,375,877.0,1361,1118,973.0,808,640,1089.0,369,307,1723.0,226,200,979.0,954,819,2815.0,146,129,-,-,-,970.3,1949,1588,660.0,12,10,698.0,7,7,-,-,-,-,-,-,-,-,-,865.0,7,6,-,-,-,828.0,-,-,-,-,-,-,-,-,1189.0,30,25,-,-,-,851.0,6,6,734.0,14,12,930.0,80,67,979.0,295,227,1300.0,266,241,1068.0,26,21,919.0,66,59,826.0,493,410,1072.0,88,71,946.0,140,119,1005.0,50,40,821.0,27,17,1061.0,35,32,816.0,29,26,834.0,68,50,901.0,83,69,-,-,-
01.2010,1217.2,7020,5526,1059.0,541,421,1596.0,1779,1467,1191.0,496,381,869.0,1383,1101,972.0,860,646,1108.0,386,307,1689.0,227,208,991.0,1026,798,2779.0,164,136,-,-,-,966.4,2053,1546,642.0,10,10,692.0,9,7,-,-,-,-,-,-,-,-,-,845.0,7,5,-,-,-,828.0,-,-,-,-,-,-,-,-,1233.0,27,25,-,-,-,851.0,6,6,754.0,13,11,962.0,86,65,953.0,327,231,1280.0,294,232,974.0,25,19,920.0,76,64,825.0,515,392,1051.0,95,66,934.0,149,121,1024.0,54,43,873.0,19,11,1022.0,41,32,804.0,32,25,849.0,60,48,900.0,85,69,-,-,-
02.2010,1224.7,7000,5475,1043.0,494,395,1604.0,1812,1463,1204.0,488,391,869.0,1344,1077,970.0,906,662,1085.0,375,302,1629.0,255,206,1004.0,987,777,2698.0,169,142,-,-,-,956.0,2072,1542,616.0,11,7,728.0,10,10,-,-,-,-,-,-,-,-,-,875.0,8,6,-,-,-,828.0,-,-,-,-,-,-,-,-,1241.0,29,24,-,-,-,851.0,6,6,789.0,12,9,918.0,100,67,1000.0,341,225,1250.0,281,233,870.0,29,28,883.0,77,60,814.0,518,401,1011.0,101,69,947.0,164,120,1048.0,46,39,835.0,15,10,999.0,44,34,835.0,22,18,881.0,57,43,840.0,94,74,-,-,-
03.2010,1219.9,7533,5358,1042.0,516,377,1594.0,1951,1421,1182.0,553,385,855.0,1494,1060,973.0,932,642,1081.0,423,300,1585.0,261,192,1012.0,1026,780,2764.0,189,142,-,-,-,950.2,2288,1590,576.0,9,7,709.0,10,9,750.0,7,5,-,-,-,-,-,-,845.0,6,5,-,-,-,828.0,-,-,-,-,-,-,-,-,1268.0,35,26,-,-,-,851.0,6,6,806.0,18,13,919.0,99,68,985.0,354,224,1222.0,312,236,869.0,34,27,930.0,79,58,808.0,587,412,951.0,111,69,976.0,185,134,1060.0,51,40,805.0,19,14,1056.0,60,41,836.0,21,16,953.0,44,36,802.0,126,85,-,-,-
04.2010,1219.1,7262,5393,1050.0,517,391,1601.0,1801,1430,1204.0,555,390,850.0,1481,1074,996.0,866,638,1096.0,435,315,1652.0,226,181,1004.0,1023,770,2804.0,182,146,-,-,-,945.3,2425,1670,594.0,11,7,710.0,11,10,715.0,6,5,-,-,-,-,-,-,721.0,7,4,-,-,-,828.0,-,-,-,-,-,-,-,-,1251.0,38,28,-,-,-,851.0,6,5,791.0,27,14,973.0,105,78,965.0,378,229,1236.0,319,237,884.0,28,24,906.0,79,57,799.0,647,444,1007.0,113,75,965.0,190,139,1038.0,58,48,763.0,21,15,1090.0,64,39,729.0,24,16,915.0,45,34,816.0,129,96,-,-,-
05.2010,1213.6,7480,5482,1059.0,571,403,1591.0,1881,1430,1197.0,562,418,851.0,1542,1131,1001.0,825,608,1114.0,416,312,1645.0,210,172,1010.0,1113,801,2776.0,179,144,-,-,-,926.4,2720,1748,542.0,18,9,721.0,10,9,1372.0,6,5,-,-,-,-,-,-,744.0,7,6,-,-,-,828.0,-,-,-,-,-,-,-,-,1241.0,37,33,-,-,-,851.0,-,-,811.0,22,11,943.0,124,77,966.0,424,256,1185.0,344,240,829.0,29,23,871.0,88,60,783.0,729,469,1024.0,121,87,939.0,228,144,1027.0,76,47,701.0,23,13,1063.0,46,33,720.0,25,17,889.0,67,35,818.0,146,97,-,-,-
06.2010,1214.7,7484,5625,1058.0,494,391,1575.0,1921,1494,1193.0,569,421,848.0,1530,1172,982.0,866,631,1115.0,406,305,1695.0,240,171,1025.0,1108,848,2792.0,169,138,-,-,-,931.8,2730,1845,535.0,16,11,716.0,12,11,1372.0,-,-,-,-,-,-,-,-,686.0,10,8,-,-,-,828.0,-,-,-,-,-,-,-,-,1192.0,47,38,-,-,-,851.0,-,-,830.0,22,14,915.0,122,78,951.0,443,285,1190.0,380,266,766.0,37,30,878.0,100,61,780.0,703,482,1035.0,135,93,943.0,208,144,1021.0,72,51,704.0,22,13,1055.0,45,32,779.0,25,20,868.0,63,41,873.0,120,88,-,-,-
07.2010,1209.4,7520,5657,1059.0,503,397,1572.0,1876,1480,1196.0,578,434,859.0,1545,1170,963.0,870,642,1114.0,402,304,1682.0,249,176,1013.0,1140,862,2775.0,167,137,-,-,-,937.5,2829,1872,523.0,20,12,707.0,12,11,651.0,6,5,-,-,-,-,-,-,678.0,11,9,-,-,-,828.0,-,-,-,-,-,-,-,-,1240.0,46,37,-,-,-,851.0,-,-,834.0,20,16,869.0,129,82,985.0,424,280,1219.0,406,273,777.0,41,33,876.0,108,66,791.0,742,479,1029.0,133,93,939.0,227,144,995.0,67,54,765.0,14,11,1037.0,40,33,762.0,34,21,838.0,68,40,831.0,135,94,-,-,-
08.2010,1227.8,7943,5799,1081.0,507,406,1588.0,2058,1493,1208.0,638,454,862.0,1556,1210,962.0,947,659,1120.0,392,300,1834.0,266,180,1015.0,1206,899,2815.0,165,136,-,-,-,938.3,2769,1905,533.0,23,17,677.0,15,12,651.0,-,-,-,-,-,-,-,-,613.0,12,12,-,-,-,828.0,-,-,-,-,-,-,-,-,1230.0,39,34,-,-,-,851.0,-,-,836.0,22,14,890.0,125,83,986.0,407,275,1246.0,372,280,757.0,42,31,893.0,106,72,786.0,760,505,1035.0,140,95,943.0,226,141,1002.0,61,54,783.0,16,10,1007.0,40,33,787.0,34,23,892.0,54,32,833.0,131,97,-,-,-
09.2010,1212.0,11013,5937,1088.0,721,415,1592.0,2545,1535,1204.0,859,451,864.0,2108,1267,965.0,1232,636,1104.0,497,290,1748.0,368,200,1050.0,1668,950,2708.0,176,132,-,-,-,948.3,2876,1851,539.0,24,16,651.0,17,12,651.0,-,-,-,-,-,-,-,-,637.0,15,12,-,-,-,828.0,-,-,-,-,-,-,-,-,1212.0,44,32,-,-,-,851.0,-,-,823.0,16,9,922.0,124,82,1008.0,392,274,1240.0,394,268,768.0,32,26,890.0,101,70,790.0,774,484,1032.0,139,90,952.0,192,137,952.0,74,51,871.0,22,13,1025.0,57,34,776.0,39,27,936.0,54,30,866.0,155,96,-,-,-
10.2010,1205.4,10426,6074,1052.0,747,438,1583.0,2519,1573,1203.0,858,453,859.0,2264,1298,958.0,1215,643,1129.0,473,296,1757.0,341,205,1065.0,1571,971,2732.0,166,132,-,-,-,952.2,2820,1813,534.0,22,12,659.0,16,13,651.0,-,-,-,-,-,-,-,-,629.0,18,14,-,-,-,828.0,-,-,-,-,-,-,-,-,1146.0,51,34,-,-,-,851.0,-,-,835.0,15,9,956.0,134,85,1035.0,365,256,1250.0,369,260,782.0,40,28,868.0,111,70,796.0,772,482,1041.0,130,88,953.0,177,126,931.0,65,47,831.0,23,15,1029.0,56,36,776.0,36,23,985.0,68,34,875.0,160,93,-,-,-
11.2010,1210.4,10287,6179,1047.0,794,452,1583.0,2610,1631,1199.0,821,470,868.0,2127,1246,965.0,1217,684,1144.0,464,311,1741.0,320,202,1050.0,1492,973,2587.0,167,131,-,-,-,952.0,2667,1837,623.0,10,8,633.0,18,14,635.0,6,4,-,-,-,-,-,-,635.0,14,14,-,-,-,828.0,-,-,-,-,-,-,-,-,1157.0,35,28,-,-,-,851.0,-,-,779.0,15,10,972.0,154,91,1022.0,324,240,1246.0,354,263,790.0,41,37,922.0,136,77,781.0,689,483,1044.0,122,92,980.0,183,139,917.0,72,47,871.0,24,13,1039.0,47,33,791.0,37,26,1034.0,76,42,862.0,139,94,-,-,-
12.2010,1225.0,8760,6055,1060.0,659,446,1606.0,2164,1559,1203.0,728,476,882.0,1675,1208,984.0,1043,689,1135.0,449,316,1739.0,286,189,1065.0,1388,962,2570.0,154,129,-,-,-,959.1,2281,1864,623.0,-,-,597.0,16,17,635.0,6,5,-,-,-,-,-,-,611.0,12,14,-,-,-,828.0,-,-,-,-,-,-,-,-,1220.0,30,25,-,-,-,851.0,-,-,725.0,14,13,978.0,120,98,1025.0,278,231,1242.0,321,275,802.0,37,35,904.0,119,97,779.0,583,474,1064.0,109,95,986.0,182,159,896.0,54,36,919.0,17,16,1031.0,37,31,842.0,33,29,1061.0,49,37,868.0,116,96,-,-,-
01.2011,1265.6,7073,5745,1084.0,544,407,1624.0,1785,1526,1229.0,586,458,908.0,1366,1135,991.0,811,616,1165.0,362,310,2167.0,223,181,1073.0,1089,919,2672.0,133,122,-,-,-,965.8,2054,1855,623.0,-,-,588.0,17,18,635.0,6,6,-,-,-,-,-,-,611.0,12,15,-,-,-,828.0,-,-,-,-,-,-,-,-,1219.0,30,29,-,-,-,851.0,-,-,784.0,10,9,974.0,116,99,1034.0,233,199,1253.0,286,263,814.0,34,33,888.0,114,101,793.0,521,488,1063.0,106,95,987.0,178,173,897.0,35,33,957.0,18,18,1042.0,32,34,939.0,31,28,1017.0,40,39,855.0,108,98,-,-,-
02.2011,1280.7,5524,5912,1089.0,395,408,1648.0,1455,1542,1243.0,440,472,907.0,1067,1212,992.0,596,620,1185.0,293,320,2128.0,174,191,1065.0,849,956,2735.0,111,119,-,-,-,960.0,1776,1848,623.0,-,-,596.0,16,19,635.0,6,5,-,-,-,-,-,-,611.0,12,17,-,-,-,828.0,-,-,-,-,-,-,-,-,1191.0,26,38,-,-,-,851.0,-,-,810.0,9,12,969.0,93,97,1022.0,195,176,1253.0,240,261,806.0,32,18,883.0,96,93,792.0,462,506,1045.0,91,94,976.0,159,169,933.0,28,37,975.0,17,18,1043.0,31,36,1075.0,25,28,996.0,38,41,852.0,94,104,-,-,-
03.2011,1246.0,9136,6084,1065.0,693,430,1656.0,2201,1574,1235.0,745,474,895.0,1782,1248,994.0,1042,690,1132.0,501,326,1751.0,353,212,1061.0,1422,935,2452.0,185,125,-,-,-,955.1,2321,1747,623.0,-,-,632.0,21,19,579.0,8,5,-,-,-,-,-,-,711.0,23,18,-,-,-,828.0,-,-,-,-,-,-,-,-,1209.0,51,40,-,-,-,851.0,-,-,793.0,16,14,952.0,115,91,975.0,215,162,1233.0,299,245,966.0,19,16,913.0,108,74,799.0,649,484,1091.0,113,89,1012.0,200,157,1055.0,60,40,1007.0,19,15,1020.0,41,32,811.0,50,31,1041.0,46,41,851.0,133,98,-,-,-
04.2011,1257.7,8690,6243,1074.6,684,464,1672.5,2115,1595,1245.0,719,482,895.1,1699,1255,1002.0,1014,729,1141.5,479,336,1725.0,344,257,1059.2,1261,911,2730.5,173,143,-,-,-,961.8,2251,1730,623.0,-,-,623.9,23,16,579.0,-,-,-,-,-,-,-,-,712.4,22,18,-,-,-,828.0,-,-,-,-,-,-,-,-,1234.8,47,39,-,-,-,851.0,-,-,811.5,12,12,954.9,124,99,988.8,227,172,1243.8,301,240,946.2,29,17,899.7,98,65,801.8,598,479,1068.4,114,86,991.3,208,159,1019.7,64,48,938.5,25,18,1081.6,41,33,780.0,36,29,1042.0,59,42,853.4,116,94,-,-,-
05.2011,1253.7,8826,6450,1074.5,692,497,1667.1,2160,1668,1218.9,687,474,886.4,1779,1307,990.7,1026,746,1136.5,459,344,1722.9,339,257,1048.9,1252,929,2830.8,203,156,-,-,-,967.4,2399,1810,663.3,8,4,675.3,15,13,579.0,-,-,-,-,-,-,-,-,755.3,23,17,-,-,-,828.0,-,-,-,-,-,-,-,-,1213.5,47,38,-,-,-,851.0,-,-,842.8,13,12,953.7,130,102,1022.1,263,193,1270.5,332,257,913.2,28,21,899.1,92,70,803.2,636,503,1042.1,119,83,979.0,214,161,1010.5,75,57,894.4,22,18,1066.7,45,36,803.1,34,26,1000.3,55,43,847.9,141,101,-,-,-
06.2011,1256.3,8426,6485,1062.5,674,498,1667.8,2116,1689,1218.2,634,475,882.6,1655,1316,982.0,985,739,1176.7,442,330,1689.6,303,244,1052.9,1213,955,2836.9,197,166,-,-,-,962.2,2278,1825,659.8,8,7,670.0,12,13,579.0,-,-,-,-,-,-,-,-,757.6,12,12,-,-,-,828.0,-,-,-,-,-,-,-,-,1165.7,45,38,-,-,-,851.0,-,-,797.1,10,11,970.2,123,96,1012.0,252,203,1251.0,337,266,952.7,29,20,889.8,85,73,799.7,616,511,1021.1,101,85,977.7,192,151,968.4,73,54,888.4,17,15,1083.2,36,27,781.0,26,25,1005.1,57,44,842.6,140,108,-,-,-
07.2011,1254.9,8894,6469,1061.3,739,475,1681.9,2194,1690,1229.0,640,472,890.1,1764,1313,989.6,1035,727,1164.1,486,336,1666.1,297,240,1049.7,1358,983,2921.1,188,162,-,-,-,965.7,2291,1746,643.4,8,7,680.1,11,11,579.0,-,-,-,-,-,-,-,-,689.2,10,10,-,-,-,828.0,-,-,-,-,-,-,-,-,1175.7,56,40,-,-,-,851.0,-,-,796.0,11,7,956.1,114,92,1049.6,258,186,1275.1,337,263,903.9,29,20,866.1,83,64,799.4,639,500,1006.6,110,82,988.1,190,147,906.6,75,56,937.4,15,14,1028.7,35,27,776.4,22,22,968.2,52,39,833.4,131,99,-,-,-
08.2011,1262.6,9131,6381,1055.5,721,455,1685.8,2280,1667,1225.7,649,452,904.3,1745,1309,989.8,1086,714,1150.3,513,334,1687.7,294,211,1069.5,1458,1011,2915.5,197,160,-,-,-,967.1,2390,1790,581.5,10,10,666.8,11,12,579.0,-,-,-,-,-,-,-,-,729.2,11,11,-,-,-,828.0,-,-,-,-,-,-,-,-,1197.9,60,43,-,-,-,851.0,-,-,791.8,8,5,927.4,119,93,1024.6,274,193,1302.6,355,265,896.2,33,25,849.3,71,60,798.7,672,522,1012.6,126,90,982.6,200,148,934.5,72,53,914.1,16,14,1045.1,33,23,852.9,21,17,1001.9,54,37,823.8,149,110,-,-,-
09.2011,1258.4,8803,6354,1070.4,655,451,1664.7,2251,1693,1262.6,593,436,898.8,1758,1309,998.2,1029,662,1127.6,469,332,1701.3,287,218,1050.2,1394,1032,2861.5,194,166,-,-,-,967.1,2259,1676,619.6,13,10,665.5,12,11,579.0,-,-,-,-,-,-,-,-,741.8,12,12,-,-,-,828.0,-,-,-,-,-,-,-,-,1258.2,57,39,-,-,-,851.0,-,-,791.8,-,-,918.0,114,88,1051.7,256,187,1299.6,321,255,883.4,35,22,837.9,83,55,806.9,640,490,1001.2,117,78,970.2,196,145,944.0,65,45,936.5,14,12,1052.0,25,23,829.7,24,17,986.8,48,40,825.5,134,97,-,-,-
10.2011,1258.7,9398,6515,1067.5,712,457,1653.4,2362,1714,1257.6,688,452,895.4,1918,1365,1034.5,1046,669,1123.9,477,334,1736.3,302,226,1045.3,1486,1061,2846.8,215,179,-,-,-,981.0,2366,1663,672.9,27,12,650.3,16,10,579.0,-,-,-,-,-,-,-,-,732.9,14,13,-,-,-,828.0,-,-,-,-,-,-,-,-,1189.2,67,48,-,-,-,851.0,-,-,791.8,-,-,887.4,122,82,1110.7,245,183,1351.7,357,264,925.7,31,21,808.6,97,67,812.8,644,471,990.0,136,81,980.7,189,137,934.6,67,40,904.2,26,14,1090.8,26,20,854.7,33,21,970.1,47,43,824.2,134,87,-,-,-
11.2011,1266.9,9436,6495,1090.4,677,464,1661.5,2302,1692,1259.6,700,449,910.0,1949,1328,1030.2,1062,684,1129.9,488,331,1776.1,302,221,1054.5,1537,1091,2809.9,228,178,-,-,-,997.0,2301,1650,655.9,22,12,646.1,15,11,579.0,-,-,-,-,-,-,-,-,728.2,17,14,-,-,-,828.0,-,-,-,-,-,-,-,-,1151.4,66,47,-,-,-,851.0,-,-,791.8,-,-,901.7,106,81,1103.8,247,182,1343.3,370,267,932.3,25,16,832.7,87,64,823.1,608,443,1010.2,128,84,991.3,184,147,955.0,54,42,919.4,26,18,1207.6,38,27,878.7,24,20,985.9,51,38,851.2,138,91,-,-,-
12.2011,1282.8,8876,6275,1105.4,672,464,1682.0,2181,1614,1267.8,668,442,925.7,1779,1301,1042.6,970,645,1161.4,473,328,1767.8,273,211,1060.4,1461,1052,2794.5,211,168,-,-,-,1010.4,1923,1515,608.8,14,11,666.6,10,11,579.0,-,-,-,-,-,-,-,-,698.8,13,12,-,-,-,828.0,-,-,-,-,-,-,-,-,1190.5,48,44,-,-,-,851.0,-,-,791.8,-,-,921.6,92,78,1144.3,205,157,1343.1,325,256,939.7,23,17,861.0,68,53,808.8,515,415,1012.3,100,80,1025.3,169,139,940.6,45,35,897.0,21,16,1215.5,38,22,868.6,20,16,1015.0,45,38,851.1,99,78,-,-,-
01.2012,1291.7,9105,6115,1110.8,687,455,1688.1,2178,1525,1293.7,696,438,932.6,1960,1320,1045.1,969,634,1195.8,460,327,1798.7,290,209,1075.2,1465,1004,2919.5,209,158,-,-,-,1024.3,2303,1476,645.2,20,10,700.4,17,10,579.0,-,-,-,-,-,-,-,-,665.3,18,10,-,-,-,828.0,-,-,-,-,-,-,-,-,1126.0,61,41,-,-,-,851.0,-,-,806.6,6,5,945.7,118,85,1175.7,267,145,1360.0,357,242,1000.7,26,17,870.0,82,49,828.0,605,406,1019.0,131,78,1044.6,208,134,947.9,37,30,960.1,24,15,1286.5,38,31,901.6,24,14,1047.8,58,38,846.2,113,77,-,-,-
02.2012,1298.5,9423,6142,1129.4,656,445,1693.8,2252,1534,1328.0,709,466,939.5,2018,1317,1059.4,1084,647,1184.1,461,329,1763.5,363,222,1094.7,1492,975,2775.4,199,168,-,-,-,1002.1,1923,1474,607.4,10,8,685.3,18,12,579.0,-,-,-,-,-,-,-,-,613.0,23,13,-,-,-,828.0,-,-,-,-,-,-,-,-,1160.3,42,39,-,-,-,851.0,-,-,792.0,8,8,971.2,107,86,1143.8,225,165,1322.6,279,241,1058.9,22,15,857.4,53,41,820.6,513,386,1050.6,99,75,977.9,177,141,930.7,34,28,916.7,19,11,1260.7,35,32,909.5,14,13,972.5,45,37,789.3,105,78,-,-,-
03.2012,1300.0,8799,6040,1107.7,641,445,1715.4,2158,1502,1309.7,661,451,925.9,1872,1300,1056.3,968,634,1184.1,464,325,1746.6,299,218,1081.9,1355,953,2763.2,217,174,-,-,-,1024.5,2000,1431,618.9,13,8,659.2,14,10,579.0,-,-,-,-,-,-,-,-,676.8,21,15,-,-,-,588.7,6,5,-,-,-,-,-,-,1175.7,51,38,-,-,-,851.0,-,-,718.9,9,9,978.8,124,94,1167.0,238,162,1320.7,320,243,1086.6,21,15,848.9,44,31,829.1,486,355,1035.8,99,77,1015.3,188,135,933.3,37,26,950.0,11,10,1244.7,46,21,937.1,15,13,1023.0,44,37,834.2,100,78,-,-,-
04.2012,1296.1,8512,5957,1091.6,675,432,1713.7,2070,1504,1322.2,639,438,925.8,1745,1249,1050.0,954,630,1203.3,460,320,1751.9,258,204,1075.9,1346,967,2755.7,214,175,-,-,-,1031.9,1835,1425,621.5,10,9,647.9,12,11,579.0,-,-,-,-,-,-,-,-,741.5,17,16,-,-,-,594.1,7,5,-,-,-,-,-,-,1161.3,44,38,-,-,-,851.0,-,-,712.5,10,8,970.3,134,99,1190.8,223,172,1368.4,280,231,1122.5,20,16,837.1,40,33,832.1,450,359,1029.1,85,66,1018.5,176,137,930.6,40,30,1007.8,13,9,1148.0,29,20,948.7,14,12,1034.4,46,30,860.3,85,77,-,-,-
05.2012,1317.0,8731,5825,1124.1,641,445,1709.9,2216,1481,1315.5,698,441,934.4,1708,1189,1062.0,907,596,1217.1,473,324,1751.3,278,200,1088.3,1418,951,2791.5,221,167,-,-,-,1037.6,1900,1422,604.4,10,6,617.1,22,16,579.0,-,-,-,-,-,-,-,-,745.4,18,16,-,-,-,582.0,6,5,-,-,-,-,-,-,1222.7,46,38,-,-,-,851.0,-,-,795.3,8,5,973.4,139,97,1192.9,228,168,1365.0,294,231,1136.4,25,17,852.9,39,32,833.6,442,355,1018.5,103,69,997.6,173,136,1011.4,46,33,1019.1,10,11,1111.1,45,27,963.8,15,14,1018.9,39,28,897.9,95,74,-,-,-
06.2012,1321.6,8182,5705,1143.6,623,445,1701.9,2105,1467,1307.2,602,419,935.4,1594,1157,1066.9,812,575,1249.9,451,317,1763.4,256,200,1092.4,1335,934,2764.6,215,158,-,-,-,1042.6,1895,1441,632.2,8,7,596.1,19,18,579.0,-,-,-,-,-,-,-,-,742.6,19,17,-,-,-,579.3,6,5,-,-,-,-,-,-,1157.4,43,39,-,-,-,851.0,-,-,829.6,6,5,981.1,150,101,1175.3,231,174,1345.1,289,233,1110.7,29,17,869.7,45,37,847.7,457,355,1017.9,93,70,1019.2,177,134,1045.2,45,36,1059.3,10,10,1068.2,46,35,944.1,17,16,1110.8,38,31,881.0,76,58,-,-,-
07.2012,1321.2,7816,5553,1139.6,574,401,1716.1,2009,1458,1309.4,566,409,940.0,1552,1118,1071.0,809,567,1230.3,422,304,1788.2,257,198,1090.8,1259,905,2825.1,184,155,-,-,-,1032.6,1909,1447,623.4,9,8,596.7,19,17,579.0,-,-,-,-,-,-,-,-,753.6,18,16,-,-,-,586.9,7,5,-,-,-,-,-,-,1105.3,43,41,-,-,-,851.0,-,-,836.6,8,5,990.6,127,93,1151.4,239,177,1333.3,309,236,1117.7,24,21,834.6,51,39,850.9,460,345,1002.2,81,63,994.3,176,148,1019.3,53,39,981.1,10,7,1114.4,40,32,951.9,19,16,1101.1,58,42,901.5,70,54,-,-,-
08.2012,1331.5,7829,5449,1146.1,526,370,1720.1,2086,1444,1332.9,557,391,939.6,1552,1121,1069.8,863,566,1276.4,456,313,1738.3,240,192,1098.2,1187,850,2819.5,191,163,-,-,-,1039.5,1792,1367,611.2,8,8,582.0,19,16,579.0,-,-,-,-,-,-,-,-,851.1,21,17,-,-,-,586.9,-,-,-,-,-,-,-,-,1278.8,67,47,-,-,-,851.0,-,-,836.6,-,-,969.6,93,75,1142.9,235,176,1344.1,306,233,1100.5,24,17,854.7,36,27,849.7,416,318,1004.0,78,57,954.1,168,139,955.9,53,41,945.6,9,8,1025.6,34,26,866.3,22,17,1086.4,52,47,884.9,76,61,-,-,-
09.2012,1342.8,8754,5303,1185.0,623,377,1750.7,2195,1378,1328.8,648,382,951.1,1738,1082,1058.6,998,531,1257.8,490,324,1701.5,273,183,1130.7,1308,845,2813.9,234,165,-,-,-,1047.6,1688,1297,628.6,10,8,577.5,19,18,579.0,-,-,-,-,-,-,-,-,841.6,18,17,-,-,-,586.9,-,-,-,-,-,-,-,-,1248.4,63,47,-,-,-,851.0,-,-,836.6,-,-,957.3,86,70,1107.1,203,162,1330.7,285,218,1191.9,21,16,880.9,34,24,859.7,385,293,1076.5,64,56,1034.1,170,137,970.6,51,38,939.3,9,8,967.2,26,23,873.8,27,21,1136.8,52,42,881.8,80,64,-,-,-
10.2012,1352.9,7992,5204,1215.9,584,378,1754.0,2018,1351,1335.7,578,387,944.7,1558,1032,1073.3,883,512,1270.3,448,312,1729.3,244,190,1160.4,1302,844,2797.7,204,166,-,-,-,1046.2,1709,1292,644.4,10,8,576.5,22,21,579.0,-,-,-,-,-,-,-,-,829.4,17,15,-,-,-,756.2,6,4,-,-,-,-,-,-,1179.0,74,47,-,-,-,851.0,-,-,836.6,-,-,1001.7,95,68,1133.9,211,148,1359.7,257,211,1193.2,18,16,896.2,42,30,862.5,389,295,1073.0,62,50,1003.2,179,139,1004.1,39,36,918.5,10,7,1139.8,53,47,851.1,23,16,1143.4,49,36,871.2,80,64,-,-,-
11.2012,1394.4,7184,4827,1295.9,551,364,1776.6,1870,1266,1386.7,545,359,964.7,1343,927,1133.7,813,476,1285.5,375,285,1701.3,259,190,1188.1,1070,771,2830.0,185,157,-,-,-,1058.5,1541,1160,635.8,8,6,573.4,29,21,579.0,-,-,-,-,-,-,-,-,894.5,16,13,-,-,-,756.2,6,4,-,-,-,-,-,-,1188.4,61,42,-,-,-,851.0,-,-,836.6,-,-,1048.0,90,62,1157.2,188,131,1353.1,248,203,1181.6,18,16,923.5,43,32,870.2,341,264,1058.2,67,49,1023.3,151,123,1040.7,36,28,919.4,10,7,1168.4,51,35,858.6,13,10,1135.8,43,33,863.0,62,54,-,-,-
12.2012,1418.0,6574,4642,1343.3,510,351,1781.5,1726,1214,1393.9,492,352,970.3,1166,870,1153.6,721,475,1296.8,337,258,1718.5,274,214,1200.0,997,715,2873.0,193,151,-,-,-,1073.0,1398,1072,636.2,10,7,583.9,23,20,579.0,-,-,-,-,-,-,-,-,937.0,12,10,-,-,-,739.7,6,4,-,-,-,-,-,-,1152.7,44,40,-,-,-,851.0,-,-,836.6,-,-,1161.5,125,69,1147.0,158,116,1382.9,238,194,1168.0,23,18,886.4,46,37,880.8,308,242,1070.4,56,47,1047.1,119,105,1047.9,31,26,953.6,7,7,1100.1,32,28,839.2,10,7,1132.4,41,32,853.6,57,39,-,-,-
01.2013,1424.1,7270,4423,1315.8,567,348,1816.7,1865,1171,1418.8,579,343,982.5,1308,819,1154.9,820,445,1281.1,349,231,1689.4,308,212,1218.6,1102,664,2872.0,200,149,-,-,-,1072.1,1511,1020,611.0,9,5,563.8,29,17,579.0,-,-,-,-,-,-,-,-,886.7,7,4,-,-,-,739.7,-,-,-,-,-,-,-,-,1143.5,47,37,-,-,-,851.0,-,-,836.6,-,-,1169.4,125,71,1150.3,173,110,1366.0,249,182,1163.0,26,18,859.2,63,44,890.5,341,243,1047.8,63,38,1077.6,131,103,1047.9,30,25,972.0,6,6,1143.8,29,22,897.2,12,8,1113.4,44,31,847.8,55,32,-,-,-
02.2013,1433.1,6596,4325,1311.9,493,321,1820.8,1757,1185,1403.3,520,332,997.3,1166,782,1151.9,763,458,1295.8,311,232,1746.2,227,193,1204.2,1002,645,2876.0,189,141,-,-,-,1084.0,1433,1013,611.0,-,-,616.1,23,16,579.0,-,-,-,-,-,-,-,-,886.7,-,-,-,-,-,706.9,7,4,-,-,-,-,-,-,1147.6,39,27,-,-,-,1019.9,7,6,836.6,-,-,1178.2,118,69,1173.4,180,125,1357.5,228,179,1191.3,23,20,860.9,56,39,895.0,349,249,1102.9,49,34,1097.6,136,106,1058.8,26,22,1072.9,7,5,1079.4,26,18,878.9,14,9,1218.4,36,28,895.4,53,32,-,-,-
03.2013,1456.4,6491,4231,1341.0,509,321,1838.5,1688,1196,1379.7,542,334,1025.6,1109,722,1161.9,759,435,1315.4,328,222,1774.8,245,189,1235.5,947,634,2898.3,184,146,-,-,-,1101.7,1490,1008,611.0,-,-,638.7,22,17,579.0,-,-,-,-,-,-,-,-,886.7,-,-,-,-,-,762.2,6,5,-,-,-,-,-,-,1231.0,36,24,-,-,-,1018.7,6,5,995.2,7,3,1213.3,113,64,1186.0,180,135,1349.9,239,171,1192.5,30,20,1101.5,69,38,890.2,363,246,1111.6,51,34,1105.8,139,100,1135.4,27,20,1095.1,8,5,1115.0,26,20,919.2,15,12,1251.8,35,27,939.6,48,36,-,-,-
04.2013,1482.1,6774,4160,1326.6,568,327,1856.8,1825,1181,1417.4,556,319,1054.6,1118,713,1163.8,805,434,1342.8,343,223,1810.0,250,174,1244.4,934,607,3007.9,197,149,-,-,-,1114.5,1514,1018,611.0,-,-,645.4,22,16,579.0,-,-,-,-,-,-,-,-,872.8,6,3,-,-,-,757.8,6,5,-,-,-,-,-,-,1240.2,40,25,-,-,-,1005.5,8,4,1268.9,7,4,1199.7,100,65,1167.8,203,127,1377.0,256,177,1249.6,22,20,1186.6,83,64,899.4,358,239,1156.0,58,39,1093.5,122,95,1111.0,21,16,1013.7,8,6,1066.5,21,17,976.5,26,15,1240.8,39,25,965.0,56,32,-,-,-
05.2013,1499.2,6786,4154,1338.4,586,358,1882.1,1864,1209,1447.8,524,325,1083.7,1136,702,1200.2,785,429,1342.7,321,206,1794.3,228,163,1248.1,962,588,2946.6,185,141,-,-,-,1156.2,1470,1052,611.0,-,-,630.9,20,16,579.0,-,-,-,-,-,-,-,-,872.8,-,-,-,-,-,757.8,6,5,-,-,-,-,-,-,1276.3,32,21,-,-,-,1268.9,-,-,1209.2,115,73,1196.0,188,134,1442.7,246,181,1343.7,32,21,1231.0,93,78,954.8,337,248,1135.8,63,41,1095.2,129,90,1161.8,24,19,1083.7,11,7,1105.1,16,16,1001.6,20,17,1284.2,36,25,959.5,49,33,-,-,-
06.2013,1513.9,6509,4170,1329.7,563,379,1899.5,1750,1198,1443.0,510,340,1103.0,1113,699,1224.5,744,433,1368.6,301,197,1836.1,229,174,1265.5,918,582,2962.0,178,137,-,-,-,1187.1,1548,1123,1047.8,20,14,607.8,15,14,579.0,-,-,-,-,-,-,-,-,872.8,-,-,-,-,-,813.2,8,5,-,-,-,-,-,-,1327.8,35,25,-,-,-,1268.9,-,-,1200.4,122,79,1176.3,181,132,1521.5,278,195,1386.8,38,29,1248.9,90,87,971.3,353,265,1173.1,63,45,1087.5,115,88,1175.4,26,18,1091.9,10,8,1331.7,35,22,1033.3,19,14,1283.1,36,22,1035.5,53,34,-,-,-
07.2013,1524.3,6259,4253,1330.3,553,387,1916.5,1663,1219,1450.5,525,363,1103.9,1066,691,1240.7,738,457,1386.0,289,215,1843.8,233,180,1267.4,834,572,3004.1,172,138,-,-,-,1189.1,1595,1126,1105.1,37,21,594.0,14,14,579.0,-,-,-,-,-,-,-,-,955.7,9,3,-,-,-,798.4,7,6,-,-,-,-,-,-,1302.6,38,23,-,-,-,1268.9,-,-,1163.9,125,89,1174.4,190,134,1570.9,263,194,1348.5,33,24,1259.7,94,87,982.2,346,244,1178.8,53,43,1077.2,112,79,1261.6,33,23,1069.0,8,8,1260.6,36,25,1059.0,17,12,1406.2,38,33,1048.3,58,36,-,-,-
08.2013,1532.5,6146,4185,1306.4,585,389,1929.9,1604,1163,1477.3,529,356,1113.3,1062,694,1267.9,686,449,1406.8,281,210,1839.0,210,174,1280.7,836,582,3016.9,178,138,-,-,-,1208.1,1576,1093,1105.1,37,15,577.1,20,12,579.0,-,-,-,-,-,-,-,-,946.2,7,5,-,-,-,820.9,6,4,-,-,-,-,-,-,1325.6,33,26,-,-,-,1268.9,-,-,1197.5,160,97,1205.3,182,128,1596.4,244,180,1375.2,40,27,1266.7,85,81,989.3,303,221,1240.6,58,46,1117.4,117,83,1246.2,28,21,1113.3,15,12,1274.3,25,24,1058.2,15,10,1415.9,49,39,1031.9,62,35,-,-,-
09.2013,1553.5,6117,4120,1343.1,619,402,1967.4,1587,1149,1481.5,496,338,1123.7,1044,678,1276.2,706,420,1446.6,257,196,1904.2,206,178,1303.1,862,586,3064.1,171,144,-,-,-,1238.2,1527,1051,1105.1,-,-,575.1,14,13,579.0,-,-,-,-,-,-,-,-,932.3,8,4,-,-,-,762.8,6,4,-,-,-,-,-,-,1378.4,41,31,-,-,-,1268.9,-,-,1163.4,156,112,1274.7,151,112,1618.8,249,179,1349.4,56,29,1271.0,90,79,1000.3,297,195,1224.7,53,40,1164.6,117,82,1339.1,30,20,1095.0,15,16,1345.6,38,25,1125.7,16,9,1467.8,40,34,1061.8,62,40,-,-,-
10.2013,1572.1,6401,4041,1372.2,659,405,1983.8,1653,1145,1511.6,530,332,1136.6,1036,644,1278.0,724,405,1440.0,263,188,1934.9,229,175,1312.2,944,574,3077.5,189,146,-,-,-,1253.0,1534,1007,721.9,6,4,520.1,18,11,579.0,-,-,-,-,-,-,-,-,967.2,8,5,-,-,-,762.8,-,-,-,-,-,-,-,-,1399.3,38,31,-,-,-,1268.9,-,-,1179.5,178,118,1259.7,150,100,1654.0,252,173,1388.5,50,31,1275.3,92,77,1020.7,268,178,1222.5,51,33,1201.7,108,70,1357.7,31,21,1101.6,25,16,1313.8,38,27,1155.8,12,7,1514.6,45,32,1046.5,55,42,-,-,-
11.2013,1614.7,6082,3934,1384.1,620,400,2040.8,1676,1135,1528.0,456,320,1165.6,970,589,1293.5,660,387,1500.7,268,183,1964.2,211,170,1346.2,903,588,3128.0,168,139,-,-,-,1265.2,1439,975,693.1,6,5,474.1,10,6,579.0,-,-,-,-,-,-,-,-,967.2,-,-,-,-,-,762.8,-,-,-,-,-,-,-,-,1353.8,35,33,-,-,-,1268.9,-,-,1146.9,199,118,1301.0,128,92,1613.1,239,172,1374.8,54,31,1258.5,85,68,1042.8,232,169,1285.8,50,33,1268.6,100,65,1267.5,23,21,1105.6,14,17,1384.6,60,30,1062.2,11,6,1608.1,40,34,1025.9,56,41,-,-,-
12.2013,1670.3,5590,3819,1406.6,532,353,2074.0,1625,1161,1558.7,381,275,1202.3,861,564,1328.1,573,385,1538.6,245,178,2021.0,204,162,1398.3,832,579,3100.4,171,143,-,-,-,1277.7,1272,972,693.1,-,-,519.6,6,4,579.0,-,-,-,-,-,-,-,-,967.2,-,-,-,-,-,762.8,-,-,-,-,-,-,-,-,1317.4,25,30,-,-,-,1268.9,-,-,1173.1,170,137,1309.5,108,78,1687.1,208,174,1294.7,36,28,1214.0,80,74,1043.5,226,169,1272.5,37,32,1348.0,91,62,1272.1,27,20,1092.5,17,18,1415.3,42,28,1030.1,11,8,1641.9,38,33,1039.8,58,45,-,-,-
01.2014,1698.1,6368,3790,1428.4,532,323,2099.7,1944,1188,1597.1,458,265,1230.7,1026,577,1370.2,692,377,1554.2,260,173,2035.0,202,157,1390.2,894,568,3200.3,195,147,-,-,-,1268.0,1477,976,693.1,-,-,545.8,7,3,579.0,-,-,-,-,-,-,-,-,967.2,-,-,-,-,-,805.1,6,3,-,-,-,-,-,-,1432.4,44,33,-,-,-,1268.9,-,-,1161.7,186,132,1340.6,115,74,1674.8,227,174,1365.2,39,28,1228.9,96,75,1052.9,304,182,1256.5,40,28,1301.5,119,65,1179.3,26,19,1107.7,20,24,1314.5,42,25,1058.5,14,11,1572.0,40,30,1095.8,67,42,-,-,-
02.2014,1732.0,6033,3813,1466.5,465,272,2121.3,1828,1212,1630.6,456,280,1264.5,1003,616,1420.1,669,394,1675.3,272,183,2027.1,201,159,1437.3,801,534,3262.4,178,145,-,-,-,1294.2,1505,1003,693.1,-,-,545.8,-,-,579.0,-,-,-,-,-,-,-,-,967.2,-,-,-,-,-,805.1,-,-,-,-,-,-,-,-,1403.6,41,36,-,-,-,1268.9,-,-,1154.6,177,124,1366.7,127,86,1708.5,233,167,1350.8,38,25,1333.6,93,83,1079.6,314,205,1268.0,48,27,1303.4,110,58,1222.8,30,21,1136.6,30,30,1312.2,37,23,1073.7,19,13,1664.2,44,32,1099.3,71,44,-,-,-
03.2014,1733.4,6665,4061,1416.5,476,288,2131.6,1926,1225,1640.0,479,285,1269.4,1246,726,1447.1,750,422,1664.7,292,214,2061.2,236,169,1478.2,874,559,3251.9,207,154,-,-,-,1297.0,1676,1021,693.1,-,-,545.8,-,-,579.0,-,-,-,-,-,-,-,-,955.3,11,8,-,-,-,805.1,-,-,-,-,-,-,-,-,1424.7,50,36,-,-,-,1268.9,-,-,1175.2,183,119,1375.6,141,92,1689.0,257,169,1375.6,43,23,1336.2,86,80,1099.8,350,205,1253.9,61,34,1317.4,110,55,1199.6,34,22,1150.4,38,33,1363.9,37,24,1139.0,21,14,1535.2,48,31,1146.9,92,43,-,-,-
04.2014,1723.8,7022,4544,1456.4,515,321,2130.4,1942,1315,1685.9,494,299,1279.4,1361,904,1431.0,838,497,1654.3,343,230,2057.7,227,176,1511.4,946,613,3246.2,199,172,-,-,-,1305.6,1835,1101,693.1,-,-,545.8,-,-,579.0,-,-,-,-,-,-,-,-,904.2,15,8,-,-,-,805.1,-,-,-,-,-,-,-,-,1478.6,62,43,-,-,-,1268.9,-,-,1168.3,185,138,1382.5,176,96,1665.3,288,175,1322.1,38,21,1354.6,94,84,1124.1,387,232,1246.2,64,27,1335.1,121,66,1256.6,34,21,1148.2,38,31,1408.3,43,29,1107.5,28,21,1648.5,38,27,1136.0,76,43,-,-,-
05.2014,1721.5,7834,4929,1448.7,543,343,2150.6,2098,1412,1677.4,542,311,1279.7,1550,997,1440.3,1023,572,1655.4,366,245,2018.3,257,189,1542.6,1072,664,3241.1,210,176,-,-,-,1320.6,2010,1228,693.1,-,-,740.4,8,2,579.0,-,-,-,-,-,-,-,-,937.2,10,9,-,-,-,805.1,-,-,-,-,-,-,-,-,1455.3,61,42,-,-,-,1268.9,-,-,1200.3,188,143,1384.1,189,115,1731.7,340,224,1313.9,38,23,1294.9,109,91,1102.3,489,282,1212.4,46,27,1349.6,113,68,1274.2,35,22,1122.9,27,22,1435.2,43,28,1187.8,36,21,1838.3,49,27,1144.5,76,47,-,-,-
06.2014,1737.1,8115,5259,1424.5,566,363,2173.9,2214,1483,1667.2,556,324,1281.9,1562,1037,1443.8,1081,684,1642.8,396,247,2026.5,274,211,1573.2,1064,700,3315.0,220,179,-,-,-,1341.9,2117,1371,819.0,7,4,740.4,-,-,579.0,-,-,-,-,-,-,-,-,932.1,11,9,-,-,-,805.1,-,-,-,-,-,-,-,-,1489.7,55,44,-,-,-,1268.9,-,-,1191.2,194,166,1389.0,189,121,1753.8,387,252,1275.4,36,26,1314.3,115,97,1084.3,479,309,1233.7,38,30,1527.3,190,110,1322.3,25,18,1137.2,31,21,1368.0,37,25,1203.2,40,31,1765.9,38,27,1155.1,73,44,-,-,-
07.2014,1731.4,8067,5507,1421.3,526,363,2175.2,2214,1566,1646.6,569,331,1275.3,1528,1092,1424.1,1086,716,1590.1,380,251,2057.8,271,214,1591.6,1109,753,3258.7,212,190,-,-,-,1352.1,2313,1410,852.6,9,5,729.2,7,2,579.0,-,-,-,-,-,-,-,-,962.0,9,7,-,-,-,805.1,-,-,-,-,-,-,-,-,1512.1,62,44,-,-,-,1268.9,-,-,1192.0,211,161,1386.8,198,124,1747.9,404,259,1310.4,25,23,1356.5,155,92,1073.9,498,315,1194.6,52,33,1576.9,247,135,1319.0,26,16,1106.0,25,20,1396.7,38,26,1222.9,40,34,1796.8,49,32,1153.6,72,45,-,-,-
08.2014,1733.9,8234,5617,1468.9,584,399,2190.3,2258,1595,1632.9,532,342,1278.2,1586,1091,1417.0,1122,723,1604.5,346,239,2065.6,279,221,1580.9,1141,796,3212.2,216,181,-,-,-,1351.9,2489,1542,891.1,10,7,729.2,-,-,579.0,-,-,-,-,-,-,-,-,979.2,11,6,-,-,-,805.1,-,-,-,-,-,-,-,-,1484.9,75,48,-,-,-,1268.9,-,-,1236.2,218,153,1394.5,245,134,1737.3,425,264,1303.5,34,23,1320.3,158,144,1071.7,537,325,1206.5,58,38,1543.7,267,174,1285.8,44,22,1083.6,21,17,1441.4,42,27,1177.3,42,35,1657.1,59,39,1154.4,81,48,-,-,-
09.2014,1714.6,8817,5699,1486.6,686,438,2184.9,2305,1581,1632.1,537,338,1290.2,1830,1095,1403.8,1247,780,1599.9,329,233,2066.6,284,231,1584.1,1223,796,3215.5,209,168,-,-,-,1348.6,2567,1562,878.3,7,5,729.2,-,-,579.0,-,-,-,-,-,-,-,-,1008.6,13,10,-,-,-,748.8,6,3,-,-,-,-,-,-,1466.8,67,43,-,-,-,1268.9,-,-,1184.2,189,154,1344.9,250,155,1700.9,423,265,1308.2,38,25,1331.4,157,142,1048.1,543,331,1228.4,62,37,1643.4,326,179,1429.3,47,21,1080.0,20,11,1342.2,42,28,1227.6,59,34,1715.5,66,39,1153.1,76,46,-,-,-
10.2014,1733.6,8931,5842,1501.5,691,458,2208.0,2334,1623,1685.2,553,331,1292.3,1884,1172,1418.0,1177,759,1627.9,365,256,2056.3,290,222,1588.9,1220,814,3205.0,220,172,-,-,-,1362.9,2485,1532,878.3,-,-,729.2,-,-,579.0,-,-,-,-,-,-,-,-,997.8,15,10,-,-,-,748.8,-,-,-,-,-,-,-,-,1538.3,48,35,-,-,-,1268.9,-,-,1210.6,232,164,1346.9,267,156,1696.4,405,270,1328.4,39,26,1323.0,154,140,1054.6,507,315,1146.7,58,33,1687.8,328,169,1482.7,38,25,1089.1,12,10,1459.4,46,32,1151.4,53,36,1709.5,54,38,1165.0,75,45,-,-,-
11.2014,1753.7,8493,5763,1492.9,667,450,2224.5,2232,1624,1743.6,561,354,1299.6,1674,1119,1415.8,1059,708,1637.6,365,254,2014.7,276,220,1600.2,1225,834,3186.4,209,173,-,-,-,1354.7,2388,1549,878.3,-,-,729.2,-,-,579.0,-,-,-,-,-,-,-,-,921.9,8,6,-,-,-,748.8,-,-,-,-,-,-,-,-,1564.7,47,34,-,-,-,1417.6,6,2,1204.6,246,193,1334.3,257,149,1704.8,394,270,1308.6,38,25,1329.4,156,144,1052.5,468,318,1156.2,49,31,1631.3,277,167,1649.4,42,25,1087.1,10,9,1478.2,46,27,1141.3,67,40,1673.4,54,35,1118.7,71,44,-,-,-
12.2014,1786.2,7951,5513,1490.2,568,401,2256.9,2169,1591,1784.2,526,350,1310.1,1482,1030,1460.1,973,639,1624.8,324,233,2076.6,287,236,1580.5,1208,842,3157.1,212,170,-,-,-,1374.3,2507,1536,856.5,7,5,729.2,-,-,579.0,-,-,-,-,-,-,-,-,947.4,9,5,-,-,-,748.8,-,-,-,-,-,-,-,-,1745.7,59,38,-,-,-,1417.6,-,-,1200.2,252,208,1351.8,239,143,1728.1,388,266,1366.0,38,28,1328.3,163,144,1045.1,512,312,1171.8,50,30,1682.3,363,165,1632.4,37,23,1068.6,13,10,1470.7,50,23,1131.5,44,30,1658.2,49,36,1179.8,60,42,-,-,-
01.2015,1774.0,8348,5311,1505.1,581,361,2250.8,2180,1553,1804.5,615,349,1303.8,1691,987,1481.7,1025,607,1649.3,331,224,2139.1,286,222,1575.3,1227,819,3112.1,207,169,-,-,-,1383.3,2496,1595,877.2,10,10,729.2,-,-,579.0,-,-,-,-,-,-,-,-,975.8,10,6,-,-,-,748.8,-,-,-,-,-,-,-,-,1692.7,56,39,-,-,-,1385.0,7,4,1222.3,268,215,1395.1,237,140,1766.8,368,251,1511.4,97,66,1317.6,171,148,1057.6,510,323,1157.4,49,33,1633.2,328,175,1613.1,37,21,1071.6,13,12,1427.3,34,22,1299.3,40,23,1727.7,59,37,1141.6,66,47,-,-,-
02.2015,1800.4,8030,5262,1545.7,568,396,2253.8,2129,1503,1795.5,588,364,1314.5,1517,952,1487.6,933,637,1646.9,320,215,2113.9,264,203,1614.6,1229,802,3109.0,207,168,-,-,-,1374.8,2589,1539,927.8,12,8,729.2,-,-,579.0,-,-,-,-,-,-,-,-,985.4,12,6,-,-,-,748.8,-,-,-,-,-,-,-,-,1541.7,61,32,-,-,-,1385.0,-,-,1223.9,282,193,1414.7,280,148,1760.5,341,233,1553.2,146,57,1327.3,167,143,1053.2,530,333,1155.6,44,35,1654.2,318,173,1565.8,31,19,1070.5,19,10,1369.3,37,23,1327.9,43,21,1676.6,51,34,1146.4,69,49,-,-,-
03.2015,1795.8,8493,5256,1539.6,632,427,2200.1,2195,1473,1784.2,624,360,1351.4,1585,947,1507.6,988,618,1633.4,323,206,2143.2,292,214,1654.8,1326,813,3131.9,218,169,-,-,-,1363.9,2611,1534,954.9,13,4,749.6,6,3,579.0,-,-,-,-,-,-,-,-,1000.9,12,6,-,-,-,748.8,-,-,-,-,-,-,-,-,1572.7,68,37,-,-,-,1385.0,-,-,1222.2,262,170,1475.2,320,176,1781.2,372,244,1338.1,34,24,1310.1,178,141,1054.8,571,337,1171.9,47,34,1596.1,281,172,1530.7,36,21,1075.2,17,9,1348.9,62,30,1346.8,41,21,1658.3,60,36,1177.2,70,47,-,-,-
04.2015,1798.4,8380,5367,1530.5,603,417,2229.8,2157,1483,1794.2,636,361,1358.0,1666,1044,1498.7,902,619,1646.4,317,206,2146.7,269,203,1649.4,1314,845,3128.2,209,159,-,-,-,1358.7,2615,1569,927.3,12,7,749.6,-,-,579.0,-,-,-,-,-,-,-,-,1027.8,10,9,-,-,-,748.8,-,-,-,-,-,-,-,-,1570.7,66,39,-,-,-,1385.0,-,-,1213.4,234,166,1478.4,285,174,1780.9,375,261,1340.4,46,25,1277.8,176,138,1035.6,550,340,1278.3,46,31,1570.9,294,172,1492.9,42,26,1068.0,12,9,1365.6,75,37,1296.4,38,20,1603.7,55,31,1196.0,81,48,-,-,-
05.2015,1809.0,9140,5416,1510.4,642,403,2246.5,2462,1559,1763.1,592,373,1366.0,1747,1037,1510.8,1042,600,1655.9,349,210,2092.2,303,203,1657.1,1447,853,3138.6,215,153,-,-,-,1352.2,2675,1573,865.0,6,4,749.6,-,-,579.0,-,-,-,-,-,-,-,-,911.6,12,9,-,-,-,748.8,-,-,-,-,-,-,-,-,1531.5,56,36,-,-,-,1385.0,-,-,1222.4,234,176,1439.0,266,171,1756.1,414,268,1368.9,47,24,1296.6,164,122,1046.8,604,344,1253.8,63,38,1554.1,286,163,1418.1,46,26,1233.7,15,10,1380.8,55,30,1273.9,33,21,1737.8,71,33,1151.4,87,52,-,-,-
06.2015,1820.1,8412,5549,1492.6,607,395,2253.7,2397,1688,1768.4,615,353,1379.1,1596,1074,1475.5,852,610,1656.3,351,219,2098.5,301,213,1653.5,1213,812,3149.7,190,153,-,-,-,1351.2,2579,1605,914.1,6,4,749.6,-,-,579.0,-,-,-,-,-,-,-,-,937.1,19,10,-,-,-,748.8,-,-,-,-,-,-,-,-,1547.2,48,33,-,-,-,1385.0,-,-,1170.5,235,174,1423.9,282,173,1806.3,418,271,1347.7,37,21,1349.2,143,122,1034.3,531,336,1262.9,72,40,1469.2,259,174,1400.8,48,31,1218.3,18,12,1414.8,36,27,1240.6,33,22,1719.1,68,33,1145.8,94,55,-,-,-
07.2015,1845.6,8143,5483,1486.6,599,384,2297.6,2370,1694,1788.1,569,334,1383.1,1542,1084,1469.7,882,615,1612.4,292,219,2158.5,248,203,1683.1,1110,772,3162.2,220,156,-,-,-,1364.2,2592,1634,950.0,7,6,749.6,-,-,579.0,-,-,-,-,-,-,-,-,978.7,15,9,-,-,-,748.8,-,-,-,-,-,-,-,-,1530.9,38,29,-,-,-,1385.0,-,-,1189.7,249,202,1426.7,279,175,1788.9,450,285,1303.0,29,19,1357.5,129,115,1027.8,513,331,1246.5,77,44,1512.6,273,170,1361.9,47,32,1155.0,16,12,1428.2,31,26,1258.3,37,21,1785.5,74,36,1159.7,91,57,-,-,-
08.2015,1860.5,8045,5419,1476.9,561,374,2295.0,2450,1713,1807.1,526,326,1378.1,1425,1056,1480.8,903,605,1677.0,306,214,2138.2,259,191,1708.3,1122,770,3142.0,200,149,-,-,-,1356.2,2518,1611,995.6,10,7,716.7,6,5,579.0,-,-,-,-,-,-,-,-,1019.5,21,10,-,-,-,748.8,-,-,-,-,-,-,-,-,1782.0,40,27,-,-,-,1385.0,-,-,1189.6,247,198,1390.2,269,163,1774.5,440,282,1275.1,31,22,1382.8,114,105,1036.7,474,318,1228.5,81,48,1465.0,251,168,1298.0,47,33,1093.1,12,10,1383.4,37,29,1252.3,29,19,1751.5,70,38,1158.6,80,57,-,-,-
09.2015,1844.4,8509,5520,1519.7,578,394,2300.7,2540,1721,1813.8,562,321,1380.8,1633,1064,1460.9,982,626,1683.5,318,230,2049.5,272,195,1684.1,1142,791,3143.0,206,154,-,-,-,1357.5,2581,1595,1048.0,12,9,741.3,6,3,579.0,-,-,-,-,-,-,-,-,1127.5,28,12,-,-,-,748.8,-,-,-,-,-,-,-,-,1841.2,53,34,-,-,-,1385.0,-,-,1191.9,229,195,1396.6,228,142,1783.1,432,283,1299.7,36,20,1349.8,114,103,1027.3,538,321,1447.0,112,70,1512.3,256,153,1299.9,43,27,1114.0,13,9,1394.3,40,26,1237.3,27,19,1676.4,57,31,1189.5,92,56,-,-,-
10.2015,1827.2,8939,5613,1605.1,694,408,2286.3,2526,1735,1774.8,561,332,1382.5,1749,1074,1470.0,1064,657,1682.3,374,241,2020.3,256,187,1692.1,1235,802,3089.4,205,151,-,-,-,1381.7,2710,1596,996.8,13,10,712.1,6,4,579.0,-,-,-,-,-,-,-,-,1121.7,31,11,-,-,-,1046.2,9,5,-,-,-,-,-,-,1898.4,48,34,-,-,-,1385.0,-,-,1195.2,232,177,1405.0,219,134,1826.7,472,272,1295.9,38,17,1416.4,189,131,1039.8,531,324,1531.8,166,87,1511.2,239,147,1300.9,38,26,1124.4,11,7,1361.2,34,28,1205.3,24,18,1705.3,50,29,1219.4,98,55,-,-,-
11.2015,1831.4,8962,5747,1645.1,764,553,2312.9,2408,1723,1801.8,541,327,1407.8,1897,1122,1457.3,1019,645,1705.6,371,246,1991.5,279,192,1702.3,1215,777,3189.9,182,136,-,-,-,1378.0,2503,1664,1057.7,13,8,748.5,7,4,579.0,-,-,-,-,-,-,-,-,957.0,15,8,-,-,-,1038.9,7,7,-,-,-,-,-,-,1855.1,41,33,-,-,-,1385.0,-,-,1222.8,292,216,1403.3,192,135,1803.3,464,297,1317.9,36,21,1414.4,184,177,1057.8,493,306,1505.8,114,86,1464.9,198,137,1306.6,26,17,1129.1,11,6,1399.7,41,25,1227.6,21,17,1740.5,43,28,1190.6,91,61,-,-,-
12.2015,1865.2,8196,5588,1645.2,762,569,2327.7,2324,1706,1790.1,495,316,1416.0,1619,1075,1490.0,840,600,1726.5,341,220,2029.9,260,196,1722.4,1101,738,3214.7,189,145,-,-,-,1390.4,2481,1597,1124.7,11,9,579.0,-,-,-,-,-,-,-,-,912.3,17,7,-,-,-,1100.5,8,6,-,-,-,-,-,-,1883.3,39,32,-,-,-,1385.0,-,-,1220.6,310,210,1416.9,205,132,1839.6,399,278,1246.8,36,24,1448.0,177,175,1068.3,499,297,1651.5,152,77,1462.7,197,128,1333.6,22,14,1226.0,9,5,1411.1,33,27,1168.0,34,19,1683.3,47,30,1219.5,75,54,-,-,-
01.2016,1874.9,8538,5514,1618.5,784,583,2342.0,2318,1677,1817.1,558,331,1420.7,1659,1053,1508.5,955,551,1792.0,345,225,2072.4,262,190,1750.9,1189,733,3249.5,210,150,-,-,-,1396.6,2575,1584,1067.6,11,10,579.0,-,-,-,-,-,-,-,-,953.7,17,10,-,-,-,1135.0,6,4,410.9,6,2,-,-,-,1776.3,40,32,-,-,-,1385.0,-,-,1229.3,347,217,1397.2,188,125,1863.8,389,268,1249.6,40,25,1440.7,190,178,1076.5,486,301,1637.3,123,77,1494.1,200,129,1396.6,27,17,1107.9,10,6,1374.9,37,23,1454.1,135,40,1667.2,43,28,1256.1,67,51,-,-,-
02.2016,1886.9,8509,5726,1614.5,737,554,2365.6,2445,1751,1801.0,565,355,1429.4,1643,1076,1478.2,852,573,1783.3,363,238,2031.3,259,199,1760.4,1209,811,3207.7,189,151,-,-,-,1386.3,2655,1679,1032.4,10,9,579.0,-,-,-,-,-,-,-,-,915.4,19,10,-,-,-,1168.0,6,4,410.9,-,-,-,-,-,1690.8,48,33,-,-,-,1385.0,-,-,1225.0,460,262,1403.8,172,117,1854.7,380,276,1287.3,40,26,1430.2,208,211,1081.1,461,304,1611.9,124,87,1471.1,205,139,1264.9,22,18,1285.7,15,8,1433.3,36,23,1446.3,133,48,1633.3,41,30,1242.2,59,48,-,-,-
03.2016,1909.6,8893,5766,1590.3,725,534,2378.6,2594,1874,1814.7,581,365,1421.8,1654,1046,1530.0,896,507,1809.5,370,237,2109.2,302,191,1797.6,1330,845,3201.2,199,150,-,-,-,1369.3,2808,1774,1122.3,13,10,579.0,-,-,-,-,-,-,-,-,978.2,18,9,-,-,-,1130.3,9,6,446.3,6,2,-,-,-,1701.3,43,33,-,-,-,1385.0,-,-,1225.5,537,297,1393.9,187,121,1831.9,406,290,1284.6,35,24,1390.1,209,211,1082.7,532,344,1552.8,120,86,1515.5,208,145,1467.8,31,19,1271.0,24,9,1395.3,42,26,1440.8,85,44,1646.7,44,30,1238.6,57,44,-,-,-
04.2016,1898.5,8503,5912,1574.6,696,524,2375.2,2421,1916,1817.4,558,366,1424.0,1667,1111,1513.1,845,548,1780.5,354,238,2106.7,286,207,1792.3,1276,839,3212.2,190,154,-,-,-,1373.2,2716,1867,1062.2,12,12,579.0,-,-,-,-,-,-,-,-,973.8,12,6,-,-,-,1075.1,8,6,-,-,-,1634.7,48,33,-,-,-,1385.0,-,-,1229.6,521,353,1369.0,182,130,1853.7,414,309,1296.0,38,29,1425.0,183,203,1086.5,499,357,1592.1,113,83,1415.3,210,149,1371.5,30,19,1322.9,20,12,1390.1,41,30,1398.3,59,36,1611.7,51,32,1210.0,79,56,-,-,-
05.2016,1896.3,8485,5807,1544.9,703,496,2395.4,2487,1872,1828.3,572,373,1391.3,1599,1085,1507.0,868,531,1764.5,376,247,2089.1,283,207,1784.4,1263,837,3237.6,192,156,-,-,-,1386.8,2775,1845,1075.3,17,12,579.0,-,-,-,-,-,-,-,-,1007.1,10,7,-,-,-,1156.4,6,3,-,-,-,1622.9,63,40,-,-,-,1385.0,-,-,1238.0,485,329,1373.7,193,129,1855.7,462,324,1329.7,49,30,1414.2,175,193,1104.9,515,347,1569.1,114,83,1476.3,214,148,1410.7,34,21,1304.5,30,16,1321.7,41,31,1351.5,57,36,1491.5,56,36,1190.9,104,58,-,-,-
06.2016,1910.6,8053,5745,1584.5,708,523,2392.9,2340,1806,1853.7,529,369,1406.7,1459,1040,1492.3,826,537,1799.9,384,264,2121.6,276,209,1817.1,1228,847,3198.4,195,148,-,-,-,1412.0,2700,1778,1024.3,13,11,579.0,-,-,-,-,-,-,-,-,1024.8,9,6,-,-,-,1156.4,-,-,-,-,-,1677.8,71,37,-,-,-,1125.6,10,4,1265.0,482,307,1406.0,189,125,1914.2,460,331,1284.4,30,24,1384.3,177,186,1114.4,463,319,1599.4,142,83,1444.3,220,147,1342.3,38,25,1335.4,25,17,1305.8,53,31,1306.5,55,34,1540.9,49,28,1157.4,114,62,-,-,-
07.2016,1918.7,7759,5784,1625.4,690,508,2408.3,2225,1836,1841.6,491,345,1422.6,1427,1057,1502.2,797,565,1795.8,322,254,2085.1,273,201,1838.5,1220,869,3192.9,172,147,-,-,-,1415.4,2408,1703,1067.1,10,9,579.0,-,-,-,-,-,-,-,-,1044.2,7,5,-,-,-,1156.4,-,-,-,-,-,1626.6,47,39,-,-,-,1108.2,7,5,1256.9,419,273,1416.6,163,114,1910.5,465,330,1262.2,30,21,1396.0,167,182,1106.0,440,297,1533.3,106,85,1440.2,199,145,1436.7,40,27,1319.6,24,15,1242.2,47,34,1383.2,40,36,1528.6,33,24,1200.1,80,61,-,-,-
08.2016,1915.3,8390,5765,1607.3,686,493,2403.6,2429,1828,1840.7,521,333,1434.3,1603,1058,1498.3,880,580,1805.4,393,263,2067.2,284,203,1838.8,1274,864,3188.5,187,142,-,-,-,1435.3,2459,1652,1048.0,9,8,579.0,-,-,-,-,-,-,-,-,1034.8,6,3,-,-,-,1156.4,-,-,-,-,-,1655.7,58,43,-,-,-,1108.2,-,-,1265.3,396,251,1425.1,177,120,1928.0,494,329,1234.6,23,17,1387.1,165,174,1108.8,437,285,1545.2,143,83,1474.4,189,139,1380.6,36,24,1331.6,22,14,1277.9,47,36,1415.1,54,36,1520.3,35,23,1199.3,93,66,-,-,-
09.2016,1906.4,7780,5633,1611.3,659,471,2390.9,2203,1787,1831.0,435,308,1420.3,1483,1019,1509.4,838,580,1811.7,364,281,2173.9,347,213,1828.5,1204,834,3173.0,165,139,-,-,-,1446.2,2235,1561,1020.0,9,7,579.0,-,-,-,-,-,-,-,-,982.2,6,3,-,-,-,1156.4,-,-,-,-,-,1718.5,66,55,-,-,-,1108.2,-,-,1301.9,290,217,1402.9,160,114,1926.4,457,296,1235.1,45,20,1393.7,152,160,1113.5,380,283,1550.5,137,76,1503.4,178,123,1423.9,32,22,1300.2,14,14,1270.8,46,38,1402.1,51,31,1601.3,29,23,1146.9,125,78,-,-,-
10.2016,1920.5,7523,5491,1624.4,673,492,2401.9,2135,1704,1812.4,424,311,1412.9,1371,980,1527.6,871,547,1801.8,359,276,2120.3,291,205,1844.7,1081,774,3163.0,196,146,2717.0,75,55,1452.8,2011,1469,1025.4,11,7,579.0,-,-,-,-,-,-,-,-,982.2,-,-,-,-,-,1156.4,-,-,-,-,-,1768.3,64,54,-,-,-,1108.2,-,-,1289.0,285,180,1405.4,141,108,1972.2,423,295,1247.4,36,25,1387.0,139,150,1108.2,357,278,1498.3,108,74,1455.7,168,116,1431.4,28,20,1330.4,15,12,1313.9,44,35,1410.6,24,18,1509.1,28,25,1147.1,91,71,-,-,-
11.2016,1937.9,7481,5503,1629.3,661,479,2411.0,2121,1736,1840.4,432,301,1432.1,1388,905,1534.6,810,550,1793.5,358,279,2128.6,270,199,1903.7,1127,819,3182.6,185,154,2644.6,113,80,1460.8,1933,1408,1005.0,6,6,579.0,-,-,-,-,-,-,-,-,982.2,-,-,-,-,-,1156.4,-,-,-,-,-,1884.7,61,53,-,-,-,1446.2,7,4,1255.9,305,184,1415.3,135,107,2022.8,388,281,1245.3,42,23,1407.0,127,129,1110.5,337,267,1583.7,117,71,1410.6,132,111,1465.3,28,18,1264.8,15,12,1364.6,43,31,1415.6,21,14,1563.9,38,30,1130.0,107,67,-,-,-
12.2016,1961.4,6870,5370,1642.4,633,471,2417.3,1992,1703,1845.3,368,286,1448.2,1192,860,1532.5,711,499,1805.6,311,264,2187.1,265,195,1911.3,1113,845,3188.6,181,160,2766.1,93,86,1471.7,1797,1282,1004.3,6,6,579.0,-,-,-,-,-,-,-,-,982.2,-,-,-,-,-,1156.4,-,-,-,-,-,1851.7,65,55,-,-,-,1291.1,7,4,1295.2,283,153,1392.2,112,85,2002.2,350,267,1340.5,42,19,1400.3,113,111,1108.1,300,235,1572.6,92,61,1497.9,152,111,1586.5,32,18,1297.3,11,11,1312.9,40,29,1313.5,16,14,1542.0,37,31,1250.4,114,72,-,-,-
01.2017,1971.7,7032,5113,1660.5,602,439,2415.8,1995,1595,1841.5,389,278,1454.5,1162,775,1569.4,779,516,1847.6,310,255,2211.2,282,183,1919.9,1226,836,3188.1,182,154,2813.3,93,81,1455.3,1809,1250,996.5,7,5,579.0,-,-,-,-,-,-,-,-,982.2,-,-,-,-,-,1156.4,-,-,-,-,-,1831.3,61,51,-,-,-,1291.1,-,-,1311.3,244,130,1422.9,124,83,1965.0,359,245,1231.1,97,58,1405.2,107,95,1124.4,315,226,1484.2,76,58,1457.6,131,100,1570.5,30,16,1238.3,16,13,1307.9,34,27,1281.4,23,17,1524.3,41,31,1273.2,117,95,-,-,-
02.2017,1988.8,6820,5130,1727.2,602,466,2454.3,1927,1595,1842.9,381,268,1454.8,1103,746,1602.2,771,489,1787.6,318,241,2232.6,248,180,1951.0,1217,916,3177.4,157,146,2734.0,88,82,1474.6,1830,1273,996.5,-,-,579.0,-,-,-,-,-,-,-,-,982.2,-,-,-,-,-,1156.4,-,-,-,-,-,1840.9,56,46,-,-,-,1291.1,-,-,1263.7,198,119,1458.6,110,79,1992.5,348,243,1209.1,126,73,1406.9,106,84,1134.4,307,227,1515.8,75,55,1636.6,196,150,1460.2,31,16,1299.4,12,10,1290.8,38,27,1317.1,37,24,1533.8,41,27,1256.6,128,93,-,-,-
03.2017,2001.7,7134,5207,1738.6,663,489,2458.0,1994,1603,1857.2,392,268,1470.0,1178,760,1576.6,722,485,1796.3,314,233,2268.9,267,181,1985.4,1319,952,3195.8,169,142,2645.7,106,93,1508.6,1783,1274,924.5,7,3,579.0,-,-,-,-,-,-,-,-,1109.9,6,4,-,-,-,1156.4,-,-,-,-,-,1899.5,56,48,-,-,-,1291.1,-,-,1304.7,163,107,1499.4,121,89,2049.3,350,234,1214.5,77,68,1387.8,111,99,1150.2,310,215,1529.5,94,57,1624.0,187,153,1503.9,30,17,1386.9,14,10,1358.4,34,28,1304.8,32,26,1653.6,43,28,1246.1,131,88,-,-,-
04.2017,2009.9,6027,3628,1725.7,540,396,2478.3,1706,1036,1873.8,333,207,1486.5,970,584,1565.9,615,337,1790.1,271,155,2236.6,208,104,1987.6,1139,648,3138.8,133,89,2616.3,112,72,1476.1,1328,819,900.1,6,4,579.0,-,-,-,-,-,-,-,-,1109.9,-,-,-,-,-,1156.4,-,-,-,-,-,1849.7,55,34,-,-,-,1291.1,-,-,1350.3,122,76,1479.8,119,75,2036.0,232,151,1218.6,55,21,1367.7,65,64,1133.1,256,168,1417.6,58,39,1581.0,151,70,1587.9,19,16,1370.1,10,7,1297.5,24,12,1320.5,35,21,1430.4,26,19,1206.1,81,41,-,-,-
05.2017,2039.8,6250,4045,1990.2,638,425,2500.6,1780,1184,1856.8,339,217,1477.9,1004,639,1560.8,619,378,1769.8,275,174,2233.9,202,121,1984.0,1101,716,3191.2,139,99,2560.2,142,92,1477.6,1582,974,866.2,7,5,579.0,-,-,-,-,-,-,-,-,1069.3,7,3,-,-,-,1156.4,-,-,-,-,-,1824.7,59,41,-,-,-,1291.1,-,-,1344.5,156,95,1442.2,138,86,2036.8,273,183,1220.9,117,67,1427.6,91,58,1152.4,269,176,1376.7,73,46,1538.6,165,84,1675.1,37,21,1293.8,10,7,1368.0,24,15,1315.4,27,24,1567.3,41,21,1214.1,71,42,-,-,-
06.2017,2060.9,6677,5069,2074.5,734,564,2514.0,1914,1509,1847.2,333,252,1501.6,1005,715,1581.4,693,470,1806.0,318,247,2158.2,206,165,1979.5,1158,888,3231.1,149,133,2506.2,156,126,1509.5,1764,1264,866.2,-,-,579.0,-,-,-,-,-,-,-,-,1095.5,8,6,-,-,-,1156.4,-,-,-,-,-,1772.6,66,49,-,-,-,1291.1,-,-,1343.5,177,136,1412.2,126,99,1991.3,354,242,1214.4,112,68,1452.0,107,86,1179.2,266,201,1375.7,93,68,1624.0,213,136,1646.7,38,34,1328.3,11,8,1415.4,30,25,1330.9,22,15,1556.9,41,30,1236.0,85,61,-,-,-
07.2017,2066.8,6557,5220,1988.3,660,566,2510.2,1974,1578,1884.2,337,255,1510.3,969,728,1598.7,709,521,1830.6,284,258,2163.9,220,172,1987.5,1099,884,3200.0,145,135,2593.4,149,123,1525.7,1815,1353,866.2,-,-,579.0,-,-,-,-,-,-,-,-,1074.5,8,6,-,-,-,1156.4,-,-,-,-,-,1750.5,64,52,-,-,-,1291.1,-,-,1338.7,169,131,1406.0,124,89,1964.2,378,250,1236.5,81,54,1544.1,137,151,1166.6,274,235,1401.4,106,63,1667.9,226,143,1665.5,42,27,1363.2,11,8,1395.0,28,21,1372.1,24,21,1535.6,36,31,1275.6,95,71,-,-,-
08.2017,2050.0,6637,5149,1968.0,675,479,2512.1,1911,1588,1895.8,361,254,1507.8,1026,751,1603.7,762,542,1803.5,286,247,2123.3,190,162,1965.7,1115,859,3222.5,164,138,2610.1,147,129,1523.5,1794,1348,866.2,-,-,579.0,-,-,-,-,-,-,-,-,1095.4,7,7,-,-,-,1156.4,-,-,-,-,-,1667.1,69,53,-,-,-,1643.9,6,2,1339.4,187,129,1426.0,120,91,1941.5,347,241,1225.6,64,48,1539.8,138,154,1175.4,273,231,1413.7,89,57,1703.6,252,158,1601.0,37,21,1375.5,11,9,1490.0,28,23,1383.8,24,24,1547.7,33,26,1281.3,96,74,-,-,-
09.2017,2056.2,6388,4997,2008.5,617,455,2510.6,1799,1507,1938.3,346,265,1527.8,1028,763,1597.7,723,540,1788.5,280,246,2125.5,177,143,1993.8,1101,804,3176.3,151,134,2595.9,166,140,1531.7,1735,1314,866.2,-,-,579.0,-,-,-,-,-,-,-,-,1130.4,12,9,-,-,-,1207.7,6,2,-,-,-,1600.1,72,48,-,-,-,1643.9,-,-,1355.6,158,113,1418.1,127,97,1936.7,327,209,1251.5,54,44,1541.6,129,141,1155.1,254,234,1312.3,76,58,1723.5,276,172,1665.6,49,25,1321.7,10,9,1477.3,36,27,1378.7,27,25,1681.4,31,26,1330.5,81,75,-,-,-
10.2017,2058.6,6422,4944,1928.2,706,491,2530.4,1754,1426,1958.5,352,273,1532.0,1070,782,1624.1,689,496,1783.6,280,246,2166.2,205,152,2000.4,1035,800,3203.4,152,131,2635.1,173,147,1546.8,1586,1224,866.2,-,-,579.0,-,-,-,-,-,-,-,-,1105.2,13,11,-,-,-,1207.7,-,-,-,-,-,1591.9,63,40,-,-,-,1643.9,-,-,1362.1,108,83,1461.2,130,92,2027.7,303,210,1246.0,48,50,1561.9,116,128,1126.3,260,226,1360.1,71,48,1727.9,249,169,1717.4,34,24,1366.9,11,8,1435.7,37,27,1342.7,22,18,1623.9,34,19,1331.2,76,71,-,-,-
11.2017,2066.4,6500,5076,1882.1,628,540,2524.6,1763,1394,1966.1,371,293,1566.7,1111,804,1662.6,708,498,1781.9,311,248,2169.6,197,160,2038.9,1078,855,3166.9,174,135,2664.7,151,149,1572.2,1562,1201,866.2,-,-,579.0,-,-,-,-,-,-,-,-,1105.2,10,11,-,-,-,1207.7,-,-,-,-,-,1527.4,54,36,-,-,-,1643.9,-,-,1360.0,86,60,1527.3,113,89,2099.3,295,197,1262.4,52,47,1566.9,129,132,1144.5,266,234,1336.2,56,35,1727.8,271,180,1746.5,38,23,1438.6,12,12,1423.1,34,25,1409.9,28,25,1837.9,26,19,1296.4,76,72,1223.3,6,4
12.2017,2089.6,6000,4898,1915.5,600,453,2555.2,1634,1365,1943.9,348,285,1600.7,1031,780,1694.5,646,527,1793.2,271,236,2216.0,160,143,2066.3,1026,836,3165.8,144,132,2680.1,140,141,1561.6,1351,1203,866.2,-,-,579.0,-,-,-,-,-,-,-,-,1101.6,11,10,-,-,-,1207.7,-,-,-,-,-,1569.2,45,32,-,-,-,1643.9,-,-,1369.9,60,58,1497.9,100,81,2119.5,241,211,1261.1,40,40,1586.7,110,157,1140.8,238,223,1284.8,48,34,1662.6,224,167,1923.5,45,29,1399.6,13,12,1331.6,27,23,1369.1,28,29,1876.1,34,20,1294.0,69,72,1128.1,7,5
01.2018,2097.2,6300,4767,1805.8,619,467,2593.5,1662,1324,2056.2,388,274,1617.6,1074,762,1719.2,770,508,1817.1,274,221,2219.2,179,146,2032.4,1004,788,3294.1,171,133,2704.0,152,144,1564.1,1527,1218,1261.6,9,5,579.0,-,-,-,-,-,-,-,-,1097.8,11,10,-,-,-,1207.7,-,-,-,-,-,1537.0,43,29,-,-,-,1643.9,-,-,1386.3,77,58,1503.5,106,76,2151.1,274,228,1272.1,37,31,1555.6,139,172,1154.6,292,231,1350.5,59,41,1686.5,224,155,1885.2,44,29,1398.5,13,12,1434.4,27,22,1393.8,45,33,1836.5,34,20,1294.1,71,60,1085.5,11,6
02.2018,2125.2,6017,4896,1938.1,653,545,2633.3,1596,1330,2031.7,364,308,1616.6,1003,749,1700.5,674,520,1839.8,251,215,2186.4,164,149,2058.2,1003,796,3237.9,162,135,2748.5,141,149,1562.3,1517,1279,1190.6,8,6,579.0,-,-,-,-,-,-,-,-,1093.1,10,9,-,-,-,1207.7,-,-,-,-,-,1561.6,44,29,-,-,-,1643.9,-,-,1413.9,71,60,1532.0,114,79,2100.0,290,265,1279.2,32,34,1564.3,150,174,1157.2,288,244,1282.1,63,45,1698.6,196,148,1809.3,44,29,1412.7,12,11,1503.9,29,23,1389.4,40,37,1927.3,32,19,1225.2,74,62,1050.3,9,5
03.2018,2145.2,6249,4894,1930.2,649,532,2637.5,1685,1351,2015.9,391,311,1617.1,1028,742,1710.7,688,519,1841.7,246,212,2202.6,158,143,2100.3,1001,778,3242.4,164,133,2705.3,230,173,1572.9,1590,1323,1190.6,-,-,579.0,-,-,-,-,-,-,-,-,1100.5,11,8,-,-,-,1207.7,-,-,-,-,-,1607.7,41,28,-,-,-,1456.9,7,3,1457.7,87,76,1588.1,119,90,2137.9,304,268,1236.5,49,47,1550.6,160,171,1173.6,314,244,1325.9,67,43,1679.4,192,148,1903.1,37,31,1433.6,10,9,1475.5,25,25,1341.4,36,31,1849.8,37,21,1247.0,75,73,1181.0,10,7
04.2018,2146.0,6288,5020,1973.8,667,517,2618.9,1694,1453,2027.5,418,346,1616.1,1013,746,1685.8,700,513,1813.8,260,210,2265.5,157,138,2086.7,938,742,3263.7,157,127,2753.9,274,228,1560.6,1722,1370,1178.9,8,5,579.0,-,-,-,-,-,-,-,-,1149.3,11,9,-,-,-,1207.7,-,-,-,-,-,1568.4,42,32,-,-,-,1574.0,9,2,1400.0,86,74,1568.6,135,95,2111.7,327,275,1252.9,59,41,1542.9,145,163,1171.1,329,251,1358.8,64,45,1681.7,222,167,1755.4,53,35,1349.9,11,9,1502.2,37,27,1378.2,45,33,1833.5,35,24,1221.4,88,75,1099.9,10,8
05.2018,2160.2,6398,5155,1969.4,641,541,2630.6,1736,1479,2020.4,408,347,1606.5,975,733,1742.0,752,552,1835.3,282,227,2270.0,165,148,2130.4,1013,764,3282.8,152,129,2714.5,265,235,1563.5,1653,1309,1138.0,6,5,579.0,-,-,-,-,-,-,-,-,1178.4,10,8,-,-,-,1207.7,-,-,-,-,-,1540.3,44,32,-,-,-,1620.7,7,4,1370.1,86,68,1573.2,154,105,2107.9,321,266,1249.8,51,41,1551.2,120,137,1173.8,301,239,1358.3,65,50,1662.4,209,149,1787.5,46,30,1342.8,13,10,1532.6,38,31,1358.8,38,34,1802.7,30,18,1252.6,97,74,1125.9,10,8
06.2018,2168.1,6277,5194,1977.5,636,503,2634.9,1711,1507,2071.7,400,332,1621.6,969,708,1755.1,691,575,1832.1,290,242,2283.9,161,143,2123.6,1007,803,3249.6,151,132,2697.7,254,249,1573.3,1677,1316,1144.1,6,5,579.0,-,-,-,-,-,-,-,-,1240.9,10,9,-,-,-,1207.7,-,-,-,-,-,1517.3,45,32,-,-,-,1470.2,9,5,1362.1,76,64,1629.2,174,135,2091.9,314,272,1278.1,42,40,1564.0,113,107,1204.6,305,222,1335.3,67,48,1702.8,232,172,1720.5,42,34,1345.0,13,11,1571.4,38,33,1335.6,51,32,1886.2,28,21,1247.4,90,68,1158.4,11,6
07.2018,2197.0,6164,5126,2006.4,603,473,2666.1,1678,1494,2089.4,379,342,1637.4,905,715,1793.3,699,547,1828.3,304,253,2296.8,159,146,2163.9,1026,786,3221.0,155,129,2699.6,256,241,1571.7,1703,1329,1159.5,6,4,579.0,-,-,-,-,-,-,-,-,1204.3,11,9,-,-,-,1207.7,-,-,-,-,-,1479.5,50,35,-,-,-,1467.4,8,4,1363.9,70,53,1640.7,170,125,2046.9,321,273,1329.6,43,41,1580.3,113,106,1204.5,314,228,1345.3,68,51,1691.3,241,197,1686.0,43,31,1351.5,11,11,1579.9,37,28,1371.7,48,40,1803.0,30,23,1335.9,88,66,1204.4,6,4
08.2018,2193.0,6219,5229,2014.5,602,490,2683.1,1675,1508,2057.0,415,341,1628.8,926,706,1817.3,747,601,1825.6,291,232,2259.3,160,150,2154.4,980,828,3196.6,151,131,2709.9,249,242,1573.0,1686,1297,1159.5,-,-,579.0,-,-,-,-,-,-,-,-,1166.9,11,8,-,-,-,1207.7,-,-,-,-,-,1479.4,38,33,-,-,-,1517.0,8,4,1379.5,76,53,1660.1,167,127,2038.1,316,268,1314.3,45,39,1537.8,110,102,1206.2,286,219,1394.6,69,48,1639.2,246,187,1719.3,64,40,1340.3,12,9,1565.7,37,28,1356.7,50,38,1788.5,36,22,1329.7,76,68,1147.0,8,4
09.2018,2204.7,6242,5136,2008.4,623,517,2707.4,1722,1501,2048.3,381,329,1630.5,891,683,1793.9,756,593,1809.4,257,214,2262.3,161,145,2170.3,1038,788,3190.0,152,125,2696.5,248,241,1587.6,1518,1200,1159.5,-,-,579.0,-,-,-,-,-,-,-,-,1159.4,7,5,-,-,-,1207.7,-,-,-,-,-,1511.4,34,29,-,-,-,1555.9,6,3,1442.7,88,78,1679.1,158,124,2065.3,303,249,1315.4,36,24,1551.9,100,101,1218.0,253,195,1369.8,52,44,1637.5,198,160,1727.8,56,40,1223.0,10,7,1555.9,38,30,1401.9,52,32,1702.1,31,19,1267.9,70,54,1196.7,6,6
10.2018,2213.9,6090,4843,2028.2,601,448,2676.5,1711,1492,2024.5,366,296,1674.0,879,655,1808.7,726,533,1804.9,229,195,2254.6,159,139,2190.1,1017,737,3274.3,140,122,2693.1,255,226,1598.0,1420,1141,1159.5,-,-,579.0,-,-,-,-,-,-,-,-,1150.3,8,4,-,-,-,1207.7,-,-,-,-,-,1523.8,24,21,-,-,-,1555.9,-,-,1478.2,81,75,1652.1,152,116,2031.3,305,250,1436.6,21,22,1564.0,100,108,1237.0,250,182,1387.5,42,35,1688.0,189,156,1629.4,49,33,1196.5,11,5,1429.1,37,27,1425.9,38,36,1735.3,20,16,1290.7,59,47,1265.0,9,6
11.2018,2220.4,5955,4698,1989.3,532,403,2679.6,1706,1468,2086.2,392,283,1700.8,861,628,1826.4,674,508,1796.4,247,197,2284.9,159,131,2177.4,993,740,3214.9,132,118,2649.3,259,222,1616.9,1363,1102,1159.5,-,-,579.0,-,-,-,-,-,-,-,-,1150.3,-,-,-,-,-,1207.7,-,-,-,-,-,1561.5,22,17,-,-,-,1555.9,-,-,1491.6,84,76,1702.5,139,106,2048.4,305,252,1404.0,28,23,1529.4,94,102,1225.3,232,177,1461.1,43,31,1697.2,180,148,1632.3,47,31,1221.6,6,5,1412.5,33,27,1394.3,36,34,1693.1,22,19,1323.0,47,48,1280.0,8,6
12.2018,2238.2,5650,4726,2013.8,648,510,2680.5,1582,1387,2106.4,376,325,1735.3,782,649,1832.3,606,498,1822.8,237,195,2318.5,139,123,2205.3,892,707,3250.1,147,119,2661.9,241,213,1636.0,1227,1042,1159.5,-,-,579.0,-,-,-,-,-,-,-,-,1150.3,-,-,-,-,-,1207.7,-,-,-,-,-,1621.7,17,15,-,-,-,1555.9,-,-,1496.8,82,74,1725.7,103,94,2029.0,281,251,1471.7,25,22,1526.2,84,91,1232.1,205,173,1483.7,36,31,1764.5,167,133,1721.4,35,26,1191.7,8,5,1452.9,34,25,1382.5,33,30,1722.7,20,19,1337.0,50,46,1332.8,9,7
01.2019,2225.1,6077,4805,1970.5,697,554,2679.7,1624,1378,2140.6,419,324,1746.1,873,672,1890.0,744,536,1801.7,251,193,2345.8,135,122,2191.9,926,692,3169.5,152,119,2691.2,256,215,1630.0,1236,1007,1159.5,-,-,579.0,-,-,-,-,-,-,-,-,1186.7,6,4,-,-,-,1207.7,-,-,-,-,-,1590.7,20,16,-,-,-,1555.9,-,-,1466.2,82,70,1752.0,102,91,2054.6,270,245,1496.9,27,22,1520.5,84,86,1231.5,210,165,1436.8,39,32,1702.9,166,128,1750.0,38,24,1191.7,-,-,1360.4,31,26,1379.1,29,22,1816.5,22,20,1349.4,54,48,1319.0,11,8
02.2019,2231.9,6129,4937,1997.3,652,560,2681.1,1618,1371,2134.9,406,331,1762.2,963,727,1948.8,834,645,1818.1,240,205,2326.0,137,112,2233.3,905,663,3210.0,138,115,2673.3,236,208,1663.8,1275,1044,1159.5,-,-,579.0,-,-,-,-,-,-,-,-,1172.5,6,5,-,-,-,1207.7,-,-,-,-,-,1529.2,21,16,-,-,-,1555.9,-,-,1542.1,89,82,1756.8,104,84,2134.7,284,240,1471.4,28,21,1493.3,91,89,1250.3,216,178,1422.8,45,33,1808.5,177,153,1827.1,35,28,1206.5,8,6,1388.0,36,26,1318.1,19,11,1853.0,28,20,1382.5,59,47,1322.6,7,5
03.2019,2211.5,6307,4984,1989.5,680,545,2669.2,1655,1385,2133.2,402,318,1780.8,1023,784,1931.5,827,624,1774.2,263,214,2328.6,132,103,2170.8,944,690,3170.5,131,108,2648.7,250,213,1659.1,1335,1044,1159.5,-,-,579.0,-,-,-,-,-,-,-,-,1159.4,9,6,-,-,-,1207.7,-,-,-,-,-,1567.0,19,14,-,-,-,1555.9,-,-,1529.0,104,80,1802.5,122,90,2150.4,275,236,1466.1,24,16,1471.4,88,82,1252.0,248,183,1329.1,53,35,1790.2,190,156,1915.1,35,26,1177.8,7,6,1346.7,31,28,1251.0,13,10,2037.7,34,24,1352.1,55,46,1289.0,9,6
04.2019,2230.9,6312,4838,1928.4,694,523,2697.4,1652,1305,2160.9,422,329,1837.9,1112,835,1920.1,737,563,1809.8,266,200,2344.8,136,106,2229.4,949,702,3287.4,134,105,2665.0,210,170,1646.8,1297,1072,1159.5,-,-,579.0,-,-,-,-,-,-,-,-,1163.4,8,7,-,-,-,1207.7,-,-,-,-,-,1582.7,14,12,-,-,-,1555.9,-,-,1502.0,103,95,1862.2,139,115,2140.9,264,231,1426.9,18,15,1480.6,73,71,1241.4,249,191,1354.7,55,39,1766.7,176,158,1631.3,33,28,1248.5,8,6,1341.6,33,23,1223.3,20,12,2012.2,34,25,1340.9,45,39,1322.4,8,5
05.2019,2240.7,6002,4802,1979.1,646,526,2738.0,1519,1269,2242.9,473,355,1825.4,1109,882,1904.2,684,545,1830.4,262,192,2336.9,125,108,2205.6,833,652,3127.8,137,103,2737.9,214,170,1663.7,1322,1059,1159.5,-,-,579.0,-,-,-,-,-,-,-,-,1165.9,9,7,-,-,-,1207.7,-,-,-,-,-,1534.4,18,15,-,-,-,1555.9,-,-,1527.3,111,89,1802.9,158,131,2145.4,276,244,1411.0,26,17,1514.5,76,62,1238.1,232,173,1372.9,49,37,1768.8,189,161,1581.3,32,24,1302.2,9,8,1489.4,27,21,1222.1,13,5,2015.6,35,24,1365.8,44,41,1322.4,-,-
06.2019,2266.2,5655,4694,1991.9,607,530,2768.9,1461,1227,2286.4,425,330,1829.5,1018,860,1916.8,674,548,1848.6,232,194,2293.5,142,112,2268.0,782,618,3209.6,113,97,2706.1,201,178,1684.1,1292,1052,1159.5,-,-,1280.8,9,4,-,-,-,-,-,-,1165.9,-,-,-,-,-,1207.7,-,-,-,-,-,1535.2,15,16,-,-,-,1555.9,-,-,1478.1,104,76,1762.5,165,128,2149.3,289,250,1436.4,22,17,1476.2,60,63,1216.4,200,159,1440.6,47,34,1794.3,194,172,1741.7,37,27,1193.4,9,7,1502.3,20,16,1251.1,13,8,2035.6,42,34,1330.2,51,41,1322.4,-,-
07.2019,2281.4,5525,4437,1999.9,592,504,2795.1,1419,1166,2364.9,425,301,1836.0,1020,827,1934.8,657,517,1868.3,225,182,2351.3,136,111,2278.6,768,577,3179.8,111,94,2689.9,172,158,1681.8,1358,1064,1362.1,6,4,1279.9,9,5,-,-,-,-,-,-,1212.4,7,4,-,-,-,1146.3,6,2,-,-,-,1717.4,30,20,-,-,-,1555.9,-,-,1453.9,109,82,1668.7,175,134,2228.5,299,237,1361.1,21,16,1463.5,62,61,1212.3,197,157,1403.4,45,34,1787.2,199,160,1688.3,38,32,1150.3,9,7,1421.8,18,12,1353.4,24,15,1986.2,47,43,1326.9,46,39,1322.4,-,-
08.2019,2268.1,5360,4318,2006.4,639,491,2782.6,1390,1185,2329.2,371,303,1825.5,1003,802,1929.3,643,490,1851.5,223,169,2349.0,116,101,2249.6,676,527,3135.8,115,99,2743.9,184,151,1708.8,1417,1100,1362.1,-,-,1250.7,11,6,-,-,-,-,-,-,1207.8,7,5,-,-,-,1124.9,6,3,-,-,-,1725.1,34,24,-,-,-,1718.0,7,2,1449.3,108,78,1721.7,176,140,2287.5,265,233,1353.6,21,16,1485.7,69,61,1314.3,246,187,1433.5,42,35,1768.6,203,155,1750.3,47,36,1240.0,10,6,1579.1,15,12,1380.4,24,18,2122.1,74,51,1343.1,39,32,1322.4,-,-
09.2019,2304.3,5352,4190,2042.3,600,479,2787.9,1376,1122,2368.2,345,286,1854.9,1023,806,1932.1,678,502,1891.0,207,157,2375.8,115,91,2311.3,670,484,3253.4,141,99,2917.8,197,164,1719.1,1377,1095,1362.1,-,-,1250.7,11,7,-,-,-,-,-,-,1202.4,6,5,-,-,-,1124.9,-,-,-,-,-,1744.7,30,26,-,-,-,1718.0,-,-,1508.1,114,97,1752.7,170,129,2293.4,238,198,1399.2,22,15,1475.1,59,58,1334.9,236,192,1432.9,43,34,1738.7,183,150,1775.9,52,43,1263.5,8,6,1479.6,19,14,1670.2,65,26,2147.2,72,62,1385.2,37,33,1322.4,-,-
10.2019,2323.6,5192,4071,2088.3,601,485,2809.8,1283,1045,2372.1,341,284,1851.6,954,752,1928.9,650,490,1908.4,196,155,2352.8,110,88,2357.2,703,509,3248.3,150,101,2929.5,204,162,1717.2,1399,1090,1362.1,-,-,1227.1,11,7,-,-,-,-,-,-,1187.3,6,5,-,-,-,921.5,9,5,-,-,-,1824.3,37,28,-,-,-,1718.0,-,-,1502.0,124,104,1803.6,156,111,2207.0,233,185,1373.9,23,11,1480.7,54,48,1337.5,239,188,1398.6,37,28,1691.7,169,122,1847.8,52,39,1331.5,8,7,1430.4,15,16,1687.3,61,63,2311.8,102,84,1342.5,54,39,1322.4,-,-
11.2019,2321.0,5065,3961,2112.6,604,507,2786.8,1201,1014,2396.3,341,278,1854.6,942,705,1981.0,672,474,1912.5,190,147,2413.3,119,97,2388.4,672,499,3300.7,139,101,2829.0,185,139,1726.0,1271,1052,1362.1,-,-,1260.6,11,6,-,-,-,-,-,-,1187.3,-,-,-,-,-,923.3,9,6,-,-,-,1936.1,38,34,-,-,-,1813.9,7,4,1504.0,114,88,1785.0,139,112,2287.9,214,179,1356.5,15,20,1493.6,39,39,1360.2,232,180,1442.5,33,27,1640.7,147,126,1823.5,35,30,1294.1,8,8,1368.5,16,14,1645.0,56,46,2319.3,92,86,1338.2,55,47,1322.4,-,-
12.2019,2369.5,4486,3714,2148.6,541,477,2844.2,1128,976,2467.5,300,261,1893.8,786,644,2001.2,543,424,1883.8,187,147,2435.1,107,94,2401.2,596,453,3295.7,134,102,2791.8,164,136,1759.2,1233,996,1362.1,-,-,1272.3,10,6,-,-,-,-,-,-,1224.7,6,4,-,-,-,1103.1,9,5,-,-,-,1938.9,38,39,-,-,-,1772.1,8,6,1543.6,151,95,1803.1,117,99,2384.4,192,167,1318.5,16,21,1524.1,34,34,1417.2,227,174,1520.0,34,25,1697.0,132,117,1728.5,25,22,1242.3,9,7,1493.1,16,12,1568.6,39,38,2381.2,106,86,1328.4,53,39,1322.4,-,-
01.2020,2408.8,4844,3696,2175.3,599,461,2880.4,1187,946,2626.8,384,281,1934.6,852,632,2039.9,589,426,1901.8,172,133,2432.2,104,92,2453.9,678,502,3267.7,127,99,2822.1,152,124,1768.8,1343,1084,1362.1,-,-,1252.6,10,6,-,-,-,-,-,-,1416.8,6,4,-,-,-,1286.7,8,5,-,-,-,2005.9,44,43,-,-,-,1755.6,9,6,1525.2,227,152,1785.0,118,96,2429.4,202,189,1414.9,16,21,1443.0,38,27,1437.7,223,182,1487.8,37,26,1717.9,151,133,1814.3,22,18,1373.8,10,6,1541.0,11,11,1547.5,45,40,2391.3,106,81,1403.7,49,38,1322.4,-,-
02.2020,2412.4,4699,3784,2198.2,554,477,2881.8,1187,970,2560.5,336,296,1956.7,823,628,2059.0,622,483,1865.6,166,117,2433.4,126,103,2455.0,639,498,3298.3,114,96,2917.3,132,116,1791.7,1267,1071,1362.1,-,-,1354.4,10,6,-,-,-,-,-,-,1416.8,-,-,-,-,-,1237.6,7,5,-,-,-,1897.0,36,32,-,-,-,1747.3,8,6,1534.7,177,144,1841.6,108,89,2480.2,226,200,1401.8,17,21,1377.6,33,25,1427.1,225,178,1501.3,35,28,1740.6,150,141,1702.4,23,20,1379.6,10,9,1552.2,11,10,1584.9,45,39,2382.1,84,75,1407.9,50,43,1322.4,-,-
03.2020,2456.1,5266,3853,2211.6,646,496,2924.6,1252,939,2637.2,376,284,1932.4,939,671,2060.4,758,510,1896.5,154,122,2437.4,147,115,2467.4,710,503,3353.9,126,95,3009.2,152,118,1776.8,1343,1050,1362.1,-,-,1288.3,10,6,-,-,-,-,-,-,1356.5,7,5,-,-,-,1261.0,7,4,-,-,-,1853.6,44,33,-,-,-,1803.7,7,5,1528.0,192,136,1855.3,110,89,2426.2,235,213,1374.6,16,20,1328.9,36,26,1432.4,237,169,1542.3,37,23,1757.0,168,140,1691.2,22,19,1345.1,9,9,1423.6,10,7,1567.3,54,42,2366.4,83,65,1439.3,48,39,1322.4,-,-
04.2020,2359.2,5067,4032,2178.6,637,544,2847.1,1140,923,2538.2,335,294,1907.2,955,755,2053.0,774,567,1870.0,145,114,2425.2,139,111,2401.6,684,540,3264.4,125,81,3012.8,133,103,1810.4,1317,1051,1362.1,-,-,1331.5,11,6,-,-,-,-,-,-,1325.1,6,6,-,-,-,1227.8,6,3,-,-,-,1919.3,49,35,-,-,-,1803.7,-,-,1541.6,160,134,1878.5,103,88,2445.4,251,216,1376.6,13,15,1302.1,32,22,1414.2,220,172,1554.4,28,21,1759.1,169,152,1655.8,26,20,1562.9,12,8,1902.9,15,6,1599.9,50,41,2337.1,92,65,1457.4,57,41,1322.4,-,-
05.2020,2327.6,5101,4154,2183.4,608,545,2826.3,1197,946,2490.3,352,305,1860.2,989,795,1994.9,743,613,1851.1,150,119,2354.7,117,101,2369.3,713,553,3302.3,94,75,2977.3,138,102,1777.4,1368,1124,1362.1,-,-,1388.0,9,5,-,-,-,-,-,-,1682.3,11,8,-,-,-,1159.2,7,5,-,-,-,1853.9,46,44,-,-,-,1803.7,-,-,1517.3,168,139,1828.7,109,84,2434.5,252,229,1426.7,47,30,1347.9,26,19,1392.1,220,183,1530.1,26,19,1731.5,189,165,1587.7,24,18,1429.4,9,8,1880.3,18,16,1571.5,50,41,2299.7,81,58,1497.3,52,49,1205.0,6,4
06.2020,2343.6,5345,4392,2171.5,624,549,2850.6,1258,1030,2478.6,380,328,1893.1,1045,842,2000.9,786,640,1843.5,157,122,2413.5,110,96,2374.8,727,603,3354.4,109,76,2990.2,149,106,1785.3,1374,1151,1362.1,-,-,1345.1,9,6,-,-,-,-,-,-,1682.3,11,13,-,-,-,1227.0,6,5,-,-,-,1986.4,59,41,-,-,-,1803.7,-,-,1536.9,147,142,1807.5,109,89,2404.7,255,230,1431.1,42,43,1411.4,26,20,1392.0,235,180,1574.1,21,15,1721.6,198,171,1737.6,22,20,1348.2,11,9,1864.8,20,18,1574.0,47,41,2337.9,84,57,1396.3,57,51,1205.0,-,-
07.2020,2333.4,5402,4383,2180.3,611,544,2833.3,1241,1050,2507.5,407,340,1863.5,1073,828,2011.9,777,625,1873.3,172,122,2415.8,108,93,2358.3,754,576,3364.3,113,86,2959.2,146,119,1762.7,1455,1135,1362.1,-,-,1316.4,7,7,-,-,-,-,-,-,1510.1,14,13,-,-,-,1227.0,-,-,-,-,-,1916.6,45,40,-,-,-,1803.7,-,-,1497.9,205,153,1811.3,122,93,2373.0,265,225,1429.2,45,41,1409.3,28,20,1388.3,228,170,1595.6,23,15,1740.9,204,171,1686.8,22,19,1427.0,10,9,1947.5,27,22,1561.5,58,39,2277.8,80,55,1406.2,61,43,1205.0,-,-
08.2020,2357.2,5249,4302,2193.1,594,518,2840.0,1235,1028,2540.3,384,342,1874.8,991,805,1979.2,737,586,1899.3,182,129,2416.3,110,93,2439.7,745,591,3371.2,104,89,2941.8,167,121,1780.1,1350,1094,1362.1,-,-,1225.6,9,7,-,-,-,-,-,-,1531.3,19,16,-,-,-,1227.0,-,-,-,-,-,1965.0,58,41,-,-,-,1803.7,-,-,1524.7,161,131,1829.8,120,95,2380.1,258,221,1472.4,44,44,1385.8,29,24,1375.4,218,163,1640.4,21,17,1757.7,175,152,1739.3,22,20,1404.8,10,11,1837.8,26,21,1547.9,48,37,2282.5,70,51,1395.4,52,43,1205.0,-,-
09.2020,2368.6,5219,4151,2199.2,641,505,2856.6,1178,981,2483.2,380,334,1871.8,975,761,1991.8,683,537,2118.8,218,148,2443.7,104,86,2465.4,781,600,3416.4,109,83,2960.7,150,116,1768.1,1302,974,1362.1,-,-,1195.2,10,7,-,-,-,-,-,-,1553.1,20,20,-,-,-,1227.0,-,-,-,-,-,1945.2,49,43,-,-,-,1803.7,-,-,1520.0,114,78,1818.8,110,90,2380.7,247,211,1436.4,46,30,1530.7,43,20,1343.8,231,150,1563.0,21,16,1771.9,158,140,1655.9,28,21,1314.6,11,8,1989.5,26,20,1490.4,52,36,2318.3,71,43,1409.4,56,41,1205.0,-,-
10.2020,2392.6,4942,3842,2207.1,618,514,2901.0,1141,934,2561.5,407,323,1903.9,948,692,1978.4,588,443,2143.1,191,149,2369.3,104,86,2447.5,728,539,3531.6,94,76,3008.6,123,86,1780.0,1237,929,1362.1,-,-,1186.5,7,6,-,-,-,-,-,-,1573.5,19,16,-,-,-,1227.0,-,-,-,-,-,1942.1,49,42,-,-,-,1499.8,6,3,1634.8,107,80,1862.7,106,85,2377.3,232,189,1458.6,47,39,1597.5,33,31,1335.4,226,151,1488.8,20,14,1804.3,154,120,1745.6,26,22,1300.5,11,7,1851.5,25,17,1497.1,54,36,2330.9,61,40,1389.3,45,31,1205.0,-,-
11.2020,2444.6,4738,3572,2222.1,594,456,3000.2,1132,866,2668.6,438,331,1878.3,849,649,2019.8,584,393,2204.1,171,138,2375.6,101,80,2486.6,685,512,3482.0,91,75,3076.1,93,72,1795.6,1091,863,1362.1,-,-,1170.0,7,3,-,-,-,-,-,-,1638.8,24,14,-,-,-,1227.0,-,-,-,-,-,1940.0,45,37,-,-,-,1662.0,96,76,1905.5,94,73,2387.8,194,169,1447.3,45,42,1626.2,31,27,1368.5,212,149,1523.6,17,11,1906.2,135,111,1703.3,25,22,1300.2,11,8,1913.2,25,22,1491.8,57,38,2327.8,42,34,1478.8,31,27,1205.0,-,-
12.2020,2447.0,4173,3343,2232.9,520,411,2973.8,938,798,2645.8,383,320,1925.9,786,614,2069.3,501,371,2166.3,160,123,2378.6,91,73,2502.6,617,496,3516.4,92,71,3131.3,85,66,1800.1,999,782,1362.1,-,-,1170.0,-,-,-,-,-,-,-,-,1632.1,18,17,-,-,-,1227.0,-,-,-,-,-,2025.6,38,29,-,-,-,1621.7,86,61,1940.6,77,68,2402.6,175,144,1385.7,47,40,1644.1,28,23,1368.8,197,137,1477.7,15,12,1883.5,123,102,1819.9,19,17,1352.8,7,6,2012.3,27,21,1498.5,52,44,2387.4,45,29,1439.4,37,27,1367.6,8,5
01.2021,2481.7,4212,3209,2319.7,537,425,2970.6,899,689,2634.7,379,317,1976.3,760,570,2110.6,520,406,2155.7,168,124,2728.5,154,85,2500.1,619,454,3628.5,97,73,3248.8,79,66,1821.6,977,752,1317.6,6,4,1170.0,-,-,-,-,-,-,-,-,1620.5,15,15,-,-,-,1227.0,-,-,-,-,-,2061.6,32,25,-,-,-,1686.5,101,71,1968.1,88,74,2440.9,159,134,1417.1,45,34,1746.7,33,25,1400.3,172,124,1567.2,19,13,1892.2,127,93,1853.5,17,14,1324.3,10,6,2066.9,24,23,1567.4,54,39,2310.0,37,27,1384.4,30,25,1444.2,8,6
02.2021,2503.4,3818,2959,2353.2,484,386,3000.0,774,622,2667.6,370,304,2000.6,663,486,2097.2,482,371,2304.7,172,124,2800.5,157,110,2515.6,558,434,3474.0,79,62,3272.4,79,60,1859.4,919,701,1317.6,6,5,1170.0,-,-,-,-,-,-,-,-,1655.7,14,13,-,-,-,1227.0,-,-,-,-,-,2075.1,38,23,-,-,-,1714.9,94,80,2000.2,99,82,2464.6,145,113,1463.3,39,29,1805.3,43,27,1403.1,143,98,1608.5,19,13,1966.7,124,93,1864.5,13,12,1493.3,10,8,2033.6,25,24,1526.0,47,35,2274.5,29,23,1448.3,24,17,1437.1,7,6
03.2021,2531.1,3923,2765,2415.7,522,374,3006.3,830,605,2673.2,358,281,2004.4,646,429,2118.0,479,334,2335.6,172,131,2878.8,171,83,2510.3,588,408,3547.6,81,64,3282.0,76,56,1863.1,998,672,1170.0,-,-,-,-,-,-,-,-,1641.5,17,12,-,-,-,1227.0,-,-,-,-,-,2075.2,34,25,-,-,-,1631.4,137,72,2052.5,115,80,2441.7,136,111,1468.6,43,23,1794.2,44,30,1458.7,164,100,1798.9,18,8,2003.6,122,93,1981.9,15,13,1504.4,9,8,2050.3,41,27,1573.1,39,30,2371.6,31,19,1471.1,25,15,1518.9,8,6
04.2021,2574.4,3986,2766,2403.7,655,437,3045.9,822,587,2720.2,322,260,2035.3,624,407,2128.3,460,314,2439.6,203,135,2848.8,102,81,2687.6,619,410,3376.9,83,66,3422.4,96,69,1869.0,978,660,1170.0,-,-,-,-,-,-,-,-,1542.1,10,6,-,-,-,1227.0,-,-,-,-,-,2201.4,33,21,-,-,-,1678.3,129,76,2005.0,103,78,2398.2,141,101,1540.7,33,18,1799.6,42,33,1456.0,173,116,1773.9,19,10,2062.8,116,78,2044.2,21,13,1497.0,8,5,2038.6,44,28,1593.7,40,30,2345.4,21,17,1522.1,37,25,1678.2,8,5
05.2021,2628.2,4121,2923,2470.0,694,546,3088.4,814,604,2769.4,332,261,2076.5,626,413,2138.3,482,302,2417.0,204,150,2980.7,130,79,2790.0,640,420,3372.7,87,59,3509.2,112,89,1917.0,989,677,1321.7,6,4,-,-,-,-,-,-,1542.1,-,-,-,-,-,1227.0,-,-,-,-,-,2179.3,34,19,-,-,-,1763.8,92,51,1986.1,95,71,2476.5,165,120,1550.7,21,12,1873.2,46,34,1514.5,208,128,1738.0,29,13,2053.6,119,91,2158.3,24,18,1400.4,7,5,2115.8,37,29,1640.4,43,40,2296.9,23,15,1563.9,40,27,1678.2,-,-
06.2021,2648.3,4008,3002,2520.9,664,546,3135.0,774,618,2784.2,365,272,2091.5,624,427,2206.6,482,321,2396.3,206,150,2999.1,118,77,2774.9,607,449,3514.3,65,56,3581.1,103,86,1920.5,929,689,-,-,-,-,-,-,1542.1,-,-,-,-,-,1227.0,-,-,-,-,-,2189.6,28,16,-,-,-,1819.8,54,36,1966.0,95,69,2461.5,159,128,1525.4,16,10,1864.2,39,35,1525.7,211,154,1734.4,26,15,2030.4,117,83,2097.6,26,20,1416.0,6,6,2087.3,35,24,1652.0,45,39,2246.5,24,19,1675.3,48,35,1678.2,-,-
07.2021,2668.8,3973,3068,2536.7,657,539,3134.9,764,614,2765.8,383,305,2121.6,587,416,2234.6,493,376,2355.7,190,158,3011.0,125,82,2768.0,596,426,3627.0,60,54,3760.9,118,98,1966.4,975,709,-,-,-,-,-,-,2208.6,32,14,-,-,-,1227.0,-,-,-,-,-,2206.0,18,13,-,-,-,1899.5,59,31,2130.3,109,77,2489.1,165,132,1634.2,20,12,1896.1,45,38,1539.1,215,154,1657.6,22,14,2077.7,114,82,2119.8,22,19,1416.0,-,-,2032.0,34,23,1703.1,44,40,2215.4,27,22,1616.2,49,38,1678.2,-,-
08.2021,2684.4,4013,3009,2615.2,706,531,3178.5,761,599,2771.0,376,303,2128.9,602,399,2264.4,531,364,2380.3,199,161,2915.2,88,76,2784.8,570,420,3468.1,67,54,3817.4,113,102,1929.0,1001,726,-,-,-,-,-,-,2039.9,40,33,-,-,-,1227.0,-,-,-,-,-,2218.9,17,14,-,-,-,1919.1,62,54,2095.8,107,80,2485.6,158,116,1655.7,17,12,1756.2,47,30,1567.3,236,145,1630.5,17,13,2009.1,107,77,2073.8,29,21,1416.0,-,-,2017.0,27,24,1696.6,45,44,1978.9,34,23,1622.7,58,40,1678.2,-,-
09.2021,2742.3,3975,2901,2668.1,616,494,3232.9,798,613,2851.0,425,293,2117.9,630,404,2263.3,492,348,2422.8,183,138,3192.0,102,65,2876.5,550,402,3542.8,63,54,3821.9,116,90,1971.7,948,663,-,-,-,-,-,-,2006.9,24,16,-,-,-,1227.0,-,-,-,-,-,2094.6,12,11,-,-,-,1944.9,65,56,2154.7,94,59,2604.9,149,113,1743.4,27,13,1715.7,31,24,1585.6,232,150,1747.1,18,12,2039.8,102,69,2347.1,35,20,1416.0,-,-,2055.4,30,20,1676.9,43,40,2204.1,28,17,1611.8,58,43,1678.2,-,-
10.2021,2791.1,3647,2715,2766.2,561,444,3263.4,700,567,2942.2,379,295,2121.0,611,402,2287.6,441,305,2474.6,147,116,3513.8,94,60,2953.5,538,382,3532.9,72,56,3708.1,104,88,2059.0,876,632,-,-,-,-,-,-,2249.3,16,13,-,-,-,1227.0,-,-,-,-,-,1948.3,11,8,-,-,-,1960.3,55,46,2077.9,90,69,2983.1,141,109,1880.7,43,24,1653.6,28,18,1722.7,228,155,1750.8,18,11,1981.9,100,71,2263.7,27,18,1416.0,-,-,2103.8,23,18,1669.0,37,27,2366.6,18,15,1641.3,41,30,1678.2,-,-
11.2021,2884.9,3329,2364,2999.4,581,405,3354.8,697,502,3039.4,302,240,2148.6,550,357,2219.6,344,207,2542.2,145,112,3426.0,65,58,3024.9,481,342,3643.9,65,58,3803.7,99,83,2109.3,786,611,-,-,-,-,-,-,2485.0,8,9,-,-,-,1227.0,-,-,1884.1,15,3,1930.4,6,5,-,-,-,1856.2,47,36,2123.9,84,74,2922.7,147,119,1899.4,38,33,1690.8,28,17,1767.2,188,132,1839.3,16,11,2118.5,95,69,2193.2,20,16,1416.0,-,-,2092.3,14,9,1680.8,24,23,2256.1,19,16,1732.9,37,39,1678.2,-,-
12.2021,2966.8,2766,2099,3059.4,421,358,3410.6,602,474,3085.8,243,187,2203.3,450,311,2257.4,278,177,2646.2,130,99,3522.2,66,53,3152.9,425,311,3726.5,63,55,3919.6,88,74,2155.9,713,571,-,-,-,-,-,-,2268.6,12,11,-,-,-,1227.0,-,-,1864.1,32,26,1930.4,-,-,-,-,-,1935.5,84,57,2243.4,68,65,2954.5,134,114,1894.3,48,34,1708.3,22,19,1831.0,130,96,1955.6,14,11,2159.6,78,57,2416.5,16,14,1416.0,-,-,1964.3,9,8,1713.0,18,18,2196.9,15,9,1719.6,33,32,1678.2,-,-
01.2022,3110.4,2936,2004,3146.8,415,321,3481.2,630,471,3147.6,228,161,2326.6,481,292,2352.0,311,175,2757.3,127,93,4200.5,133,68,3420.1,474,296,3764.2,59,58,4010.4,78,69,2160.4,749,552,-,-,-,-,-,-,2261.9,31,24,-,-,-,1227.0,-,-,2044.5,34,23,1930.4,-,-,-,-,-,1979.6,103,67,2290.1,76,66,2935.3,125,99,1936.9,42,32,1717.3,23,16,1767.8,133,90,1856.8,18,12,2225.3,69,44,2400.0,19,14,1416.0,-,-,2029.2,19,11,1878.5,19,17,2119.2,11,9,1762.1,27,28,1678.2,-,-
02.2022,3143.6,2847,2087,3180.0,405,330,3597.8,654,495,3152.0,213,151,2440.5,455,307,2487.3,323,206,2854.3,131,97,4044.8,99,84,3286.3,436,308,3909.5,61,57,3973.6,70,52,2220.5,717,552,-,-,-,-,-,-,2331.2,35,32,-,-,-,1227.0,-,-,2217.3,25,18,1930.4,-,-,-,-,-,2043.0,78,68,2324.3,76,74,3137.8,113,91,1960.4,41,28,1794.5,22,14,1800.4,133,85,1936.2,19,14,2209.9,60,40,2401.7,16,15,1966.3,7,4,2191.7,33,25,1917.3,22,13,2207.4,8,6,1774.5,29,25,1678.2,-,-
03.2022,3148.6,3384,2301,3151.3,504,387,3652.6,752,518,3132.4,236,155,2448.9,517,326,2485.0,391,234,2806.2,157,116,3927.1,133,89,3263.3,541,361,3976.0,73,60,4054.4,80,55,2279.9,802,541,-,-,-,-,-,-,2380.2,49,33,-,-,-,1227.0,-,-,2340.2,27,20,2322.0,8,5,-,-,-,2102.3,76,42,2346.1,80,68,3119.1,129,100,1992.7,32,24,1981.8,33,21,1817.1,139,89,1967.3,30,17,2124.9,65,37,2353.2,18,11,2044.7,6,4,2332.2,47,25,2309.5,20,13,2635.7,16,11,1845.7,21,15,1665.7,6,6
04.2022,3259.7,3425,2417,3322.3,513,401,3761.9,739,553,3032.3,224,155,2531.2,510,337,2758.6,441,260,2860.9,149,107,3903.0,105,78,3357.9,569,394,4474.6,90,66,4046.8,85,66,2359.5,699,504,-,-,-,-,-,-,2384.8,48,36,-,-,-,1227.0,-,-,2181.3,29,17,2386.1,10,7,-,-,-,2153.1,52,36,2283.2,74,54,3280.1,117,86,2013.9,28,13,2084.1,26,20,1849.0,113,85,2192.9,24,17,2349.3,59,44,2250.5,17,10,2044.7,-,-,2273.9,33,28,2322.5,21,15,2661.3,25,18,1913.1,17,13,1858.3,6,5
05.2022,3340.1,3518,2473,3412.9,542,403,3781.0,720,539,3123.1,231,159,2651.8,568,360,2893.6,419,290,2871.9,169,112,4074.5,113,80,3511.1,581,395,4473.7,95,77,4094.6,80,58,2551.2,741,481,-,-,-,-,-,-,2394.5,48,35,-,-,-,1227.0,-,-,2398.4,34,20,2866.4,10,8,-,-,-,2300.9,54,39,2460.0,59,38,3458.0,131,91,2291.5,22,10,2081.4,17,10,2142.3,125,69,2179.3,26,19,2601.9,68,43,2593.0,25,17,2044.7,-,-,2355.0,38,26,2523.7,38,22,2736.4,23,17,1842.5,17,12,1873.4,6,5
06.2022,3454.1,3554,2590,3496.0,596,472,3864.9,702,554,3253.3,222,147,2756.7,607,403,2982.1,403,267,2929.0,160,122,4096.5,95,74,3783.4,601,425,4670.8,94,75,4206.0,74,51,2514.8,738,507,-,-,-,-,-,-,2395.4,38,37,-,-,-,1227.0,-,-,2197.4,36,21,2784.8,8,6,-,-,-,2359.6,76,48,2558.0,70,45,3315.6,119,91,2394.0,18,17,2195.9,18,12,2193.7,131,86,2172.7,27,16,2558.4,66,39,2649.0,20,14,2044.7,-,-,2426.2,37,22,2574.0,38,25,2198.7,19,17,1805.8,17,11,1873.4,-,-
07.2022,3491.4,3846,2816,3499.5,604,505,3941.8,791,602,3311.6,223,148,2792.6,704,476,3038.2,442,303,3057.3,176,129,3909.5,95,76,3811.9,632,441,5042.1,104,80,4079.5,75,56,2598.2,805,548,-,-,-,-,-,-,2391.5,48,32,-,-,-,1227.0,-,-,2369.6,44,30,2784.8,-,-,-,-,-,2387.3,94,71,2655.7,74,48,3448.0,132,93,2365.9,24,19,2274.1,23,14,2180.4,136,96,2279.6,20,14,2582.1,80,43,2944.9,18,12,2044.7,-,-,2734.2,31,22,2521.8,31,21,2657.4,27,17,2260.3,17,12,2093.1,6,4
08.2022,3504.5,4460,3192,3548.8,752,542,3944.5,853,654,3317.3,264,174,2770.7,820,571,3071.7,534,359,3124.8,200,161,3769.0,102,91,3956.3,753,503,4898.9,102,76,4007.8,80,61,2586.6,922,641,-,-,-,-,-,-,2414.4,40,30,-,-,-,1227.0,-,-,2366.5,32,22,2784.8,-,-,-,-,-,2446.9,134,108,2748.8,82,59,3327.0,139,95,2392.1,28,21,2187.6,26,16,2167.8,184,116,2486.4,25,12,2670.1,81,55,2978.3,20,13,2044.7,-,-,2686.7,34,18,2514.4,41,34,3043.2,27,19,2090.9,18,14,1981.0,11,9
09.2022,3461.9,4865,3600,3518.0,759,650,3988.5,917,688,3400.0,301,189,2765.3,942,674,3061.7,622,425,3105.1,245,191,3707.9,115,88,3854.4,790,555,4522.8,94,77,4059.5,80,63,2569.3,934,676,-,-,-,-,-,-,2308.3,37,26,-,-,-,1227.0,-,-,2414.8,17,11,2784.8,-,-,-,-,-,2489.7,151,126,2673.1,86,56,3328.0,142,105,2393.7,33,25,2078.0,31,22,2144.7,187,124,2315.2,24,14,2683.2,75,53,2622.8,17,13,2044.7,-,-,2784.0,23,17,2510.6,38,33,3084.4,28,20,2447.7,22,14,1991.6,17,10
10.2022,3418.9,5151,3889,3547.5,853,693,4001.7,944,704,3416.3,330,233,2697.0,1005,738,2960.2,655,479,3078.3,253,193,3406.8,113,90,3783.1,811,611,4462.6,98,80,4056.2,89,68,2594.7,985,737,-,-,-,-,-,-,2448.9,38,27,-,-,-,1227.0,-,-,2427.7,22,14,2519.4,9,8,-,-,-,2536.4,188,155,2659.1,88,66,3363.7,151,106,2423.0,32,23,2129.0,33,23,2094.1,190,135,2321.4,24,14,2732.9,75,59,2677.1,16,12,2044.7,-,-,2768.7,21,12,2550.1,36,31,3176.8,26,21,2508.6,17,15,2040.6,12,10
11.2022,3403.5,5282,3989,3556.6,868,712,3961.8,916,718,3488.8,340,242,2672.9,1058,741,2883.5,661,496,3230.6,274,207,3175.8,111,85,3812.8,883,646,4582.9,95,79,3964.4,76,63,2592.0,952,757,-,-,-,-,-,-,2476.3,49,35,-,-,-,1227.0,-,-,2438.5,22,16,2441.2,9,8,-,-,-,2581.4,190,160,2776.0,86,74,3319.7,127,93,2341.0,26,22,2080.2,34,29,2191.1,191,153,2340.9,17,11,2673.2,82,57,2423.7,14,14,2044.7,-,-,2079.4,11,9,2518.6,37,30,3148.5,30,22,2564.2,20,16,2142.1,7,8
12.2022,3470.3,4799,3852,3588.5,836,696,4004.1,833,685,3555.5,306,239,2665.8,905,714,2880.9,572,463,3105.5,219,181,3262.4,89,81,3974.9,880,658,4714.3,96,76,3957.2,63,59,2585.8,903,725,-,-,-,-,-,-,2510.9,51,39,-,-,-,1227.0,-,-,2355.7,14,13,2469.1,6,7,-,-,-,2609.2,190,153,2764.0,85,74,3252.9,110,87,2396.9,18,16,2038.0,36,28,2169.5,191,154,2445.6,13,11,2726.4,82,56,2414.9,17,15,2044.7,-,-,2346.6,10,7,2527.2,34,30,3200.1,28,24,2461.6,18,11,2142.1,-,-
01.2023,3446.7,4809,3696,3524.6,821,697,4005.8,864,659,3593.4,313,246,2686.8,891,647,2823.7,590,425,3156.6,213,169,3546.1,109,80,3842.9,824,648,4727.0,112,67,3900.0,72,58,2599.2,875,698,-,-,-,-,-,-,2534.3,44,38,-,-,-,1227.0,-,-,2362.6,11,9,2406.2,7,7,-,-,-,2607.2,168,138,2802.5,82,71,3358.1,106,84,2465.0,23,19,2187.4,33,26,2156.4,193,145,2241.9,14,10,2788.5,77,54,2271.6,17,16,2044.7,-,-,2674.4,9,7,2566.1,40,33,3010.0,30,24,2346.8,15,11,2142.1,-,-
02.2023,3426.1,4597,3685,3442.9,785,680,4068.7,872,689,3562.5,303,239,2673.4,843,634,2827.2,554,433,3076.2,220,181,3508.7,104,87,3788.9,755,621,4661.4,89,60,3926.4,72,61,2561.4,907,729,-,-,-,-,-,-,2533.9,53,42,-,-,-,1227.0,-,-,2189.1,7,7,2918.2,14,11,-,-,-,2610.5,152,129,2791.8,91,74,3302.6,114,92,2433.9,22,18,2075.5,34,27,2113.2,185,146,2090.4,18,11,2677.0,93,67,2291.2,21,15,2044.7,-,-,2445.2,9,8,2460.0,42,40,2918.3,27,23,2123.2,17,12,1923.7,8,7
03.2023,3463.4,5065,3602,3530.9,845,642,4084.0,1019,726,3602.0,322,238,2762.2,903,629,2829.2,588,415,3040.4,219,162,3462.3,107,89,3772.9,829,587,4373.6,75,51,3914.1,86,63,2577.9,982,730,-,-,-,-,-,-,2536.5,64,38,-,-,-,1227.0,-,-,2301.1,7,6,2943.0,13,9,-,-,-,2566.7,155,123,2917.9,86,68,3279.0,138,108,2308.2,29,19,2052.9,38,27,2084.9,193,145,2046.5,18,12,2737.4,94,66,2709.5,20,15,2044.7,-,-,2417.2,14,11,2513.4,49,40,3119.2,28,22,2066.4,18,13,2062.6,8,8
04.2023,3485.8,4997,3658,3544.6,833,644,4105.5,1057,760,3533.6,309,234,2724.1,816,615,2948.3,598,413,2989.8,237,169,3730.8,125,93,3814.6,817,581,4418.9,87,61,4022.1,81,61,2564.2,986,763,-,-,-,-,-,-,2551.2,48,37,-,-,-,1227.0,-,-,2301.7,7,6,3207.1,15,11,-,-,-,2547.5,156,124,2996.7,96,77,3193.7,146,113,2299.4,27,20,2051.3,36,28,2103.6,175,143,2133.7,17,13,2677.2,91,76,2700.5,24,16,2044.7,-,-,2215.0,13,10,2477.0,44,34,3156.9,28,24,2087.5,19,14,1971.8,10,5
05.2023,3481.6,4865,3649,3469.8,792,646,4090.6,984,761,3485.8,318,243,2728.2,828,593,2930.2,545,382,2959.8,227,171,3508.0,125,99,3872.3,811,608,4967.1,108,59,4118.1,89,61,2640.5,1138,808,-,-,-,-,-,-,2499.1,50,35,-,-,-,1227.0,-,-,2183.9,11,8,2880.3,19,15,-,-,-,2570.4,162,127,3043.1,103,81,3365.1,171,120,2290.8,32,23,2054.9,39,30,2280.5,238,158,2067.5,15,12,2982.6,117,82,2736.6,23,15,2044.7,-,-,2400.8,14,10,2465.6,38,28,3186.9,25,21,2108.9,30,18,1993.5,13,10
06.2023,3548.7,4680,3575,3561.3,748,611,4206.2,1017,759,3499.2,310,237,2757.0,786,577,3051.5,523,373,3066.6,222,162,3410.3,115,97,3928.3,755,603,4569.5,77,58,4044.0,88,67,2614.4,1108,873,-,-,-,-,-,-,2554.0,37,31,-,-,-,1227.0,-,-,2128.7,13,9,3050.5,17,17,-,-,-,2528.3,156,126,3005.1,94,79,3294.3,165,129,2253.6,28,29,2208.0,48,36,2211.7,240,191,2094.6,15,13,3067.2,114,85,2617.1,20,16,2044.7,-,-,2465.2,10,11,2384.6,38,29,3438.7,30,23,1985.2,27,18,2036.9,15,14
07.2023,3540.8,4770,3712,3504.6,774,611,4233.5,1051,849,3512.7,297,229,2690.0,799,602,2991.9,545,418,3093.0,217,170,3420.2,122,105,3995.6,764,573,4461.3,78,60,4239.8,80,63,2622.2,1136,894,-,-,-,-,-,-,2468.8,47,35,-,-,-,1227.0,-,-,2408.4,11,9,3215.3,15,16,-,-,-,2512.5,152,126,2955.4,98,78,3375.2,185,130,2233.5,32,24,2174.3,44,38,2204.0,246,202,2076.4,18,13,2955.7,115,95,2541.7,18,15,2082.4,7,8,2473.5,14,10,2350.6,33,30,3767.8,29,23,1884.3,21,17,1990.1,19,16
08.2023,3536.6,4896,3745,3534.7,795,645,4264.5,1081,876,3488.6,308,227,2720.0,804,600,2982.9,576,427,3110.6,233,167,3375.7,124,99,3930.0,790,584,4360.9,78,52,4212.7,87,60,2602.0,1232,901,-,-,-,-,-,-,2402.1,46,35,-,-,-,1227.0,-,-,2710.7,12,9,3179.5,17,15,-,-,-,2526.8,152,118,3063.5,111,80,3349.3,201,149,2212.2,38,23,2236.7,37,32,2109.3,289,218,2222.0,15,11,2929.7,119,85,2632.2,22,13,1963.6,6,7,2587.9,17,13,2283.5,32,19,3408.4,32,25,1917.2,29,22,2110.7,19,12
09.2023,3548.1,4707,3587,3615.6,794,638,4224.1,1024,836,3525.3,300,219,2716.8,789,579,2992.5,531,409,3088.6,232,161,3321.4,117,94,3948.7,773,546,4696.5,59,50,4312.9,79,55,2587.7,1059,831,-,-,-,-,-,-,2422.6,38,31,-,-,-,2401.5,6,7,2866.4,13,9,3100.5,16,14,-,-,-,2569.0,124,103,2905.8,93,75,3327.7,176,135,2262.1,30,22,2220.1,42,31,2082.9,250,203,2202.4,9,9,2959.7,96,80,2268.8,11,10,2602.1,16,14,2338.3,24,15,3492.8,32,22,1950.0,31,23,2035.5,17,13
10.2023,3504.4,4681,3644,3569.6,798,657,4206.3,1036,830,3553.5,303,227,2733.3,793,586,2971.2,552,410,3005.2,217,169,3277.2,113,99,3792.4,726,559,4708.0,54,46,4250.3,80,60,2604.4,1075,810,-,-,-,-,-,-,2424.2,34,26,-,-,-,2793.0,9,6,3289.7,14,15,-,-,-,2543.2,118,94,2880.5,89,68,3265.6,177,129,2282.8,27,21,2252.0,46,41,2113.2,239,190,2195.5,11,8,3001.1,126,86,2538.1,17,11,2738.3,23,12,2460.0,28,26,3489.6,29,22,1908.7,30,22,2007.8,17,14
